53,35,15,54,9,25,50,54,17,18,47,78,18,54,35,51,42,22,36,24,5,25,27,22,42,43,30,58,42,30,35,20,27,51,16,64,39,15,33,17,21,19,11,40,28,9,42,27,43,30,53,12,28,45,12,21,11,5,15,37,16,34,11,14,62,90,35,36,19,39,29,9,17,28,71,12,27,18,49,61,21,5,40,25,29,85,54,31,35,20,47,47,46,34,21,38,27,15,19,52,54,46,19,27,57,14,15,23,7,17,5,30,39,18,38,58,38,15,29,21,13,33,24,8,12,14,30,15,11,30,25,26,24,33,38,44,41,59,32,35,22,38,36,29,47,39,22,27,0,23,15,17,40,15,52,37,22,21,63,85,79,36,15,16,12,38,5,52,11,5,15,35,8,48,21,33,29,15,10,67,48,52,33,16,21,11,35,7,6,44,29,10,16,35,40,25,31,10,11,6,32,22,20,18,52,64,50,39,21,5,34,37,38,13,21,42,4,28,31,37,36,28,20,41,43,67,54,22,62,0,47,34,25,47,22,36,50,26,24,61,75,42,27,16,50,39,10,16,13,48,22,21,10,68,10,68
18,27,13,106,122,94,104,124,137,79,139,186,112,41,39,33,42,88,165,166,92,34,70,107,44,69,90,10,19,84,100,75,45,55,79,60,36,93,91,103,72,28,48,90,127,83,94,166,207,148,78,94,108,52,41,83,137,114,87,118,213,223,95,23,42,60,15,39,93,152,155,177,213,147,65,132,164,125,139,200,204,149,81,55,40,34,50,137,176,184,176,112,88,127,141,73,32,13,73,86,168,211,159,66,29,96,133,48,118,112,33,74,55,50,42,80,85,63,62,79,76,83,76,56,45,85,59,83,77,42,48,55,12,40,65,36,79,98,44,75,68,11,16,82,42,53,122,71,53,137,206,185,127,42,43,11,59,35,106,135,127,153,219,207,161,114,24,12,55,64,21,127,230,269,204,138,89,63,123,176,177,159,149,145,135,107,38,11,27,52,138,221,203,100,50,94,134,98,95,65,124,160,135,177,217,148,81,94,137,105,85,53,31,86,114,124,77,93,74,71,76,81,89,84,34,38,132,139,56,105,108,62,140,247,169,33,61,47,55,69,67,140,124,96,128,151,117,58,39,29,58,51,79,151,79,151
97,97,58,65,47,46,40,37,50,75,43,32,37,74,28,72,13,40,63,30,28,28,43,54,56,45,33,16,38,48,50,30,49,82,58,21,24,49,60,50,15,40,30,48,14,35,114,57,72,48,51,71,108,30,44,4,62,48,23,50,61,50,27,32,63,69,41,43,7,31,62,55,30,48,48,44,39,11,19,90,62,15,32,72,65,91,66,26,37,72,56,47,34,48,45,32,64,95,119,49,37,30,83,58,105,30,52,38,46,31,33,40,85,43,20,31,30,91,22,38,60,85,47,27,60,71,54,64,46,39,31,40,61,23,29,49,45,41,56,60,58,60,29,41,48,46,49,12,97,86,98,33,33,56,97,43,56,22,28,20,54,45,72,79,45,22,32,51,50,61,62,45,70,43,38,24,54,55,41,7,38,39,64,41,26,58,65,55,58,24,42,47,54,31,19,1,58,28,21,50,69,77,52,20,79,110,110,51,8,30,74,43,28,73,65,61,15,35,60,87,13,5,17,27,24,10,21,56,32,77,62,28,24,30,49,28,48,71,93,31,54,44,49,37,41,35,59,64,37,11,62,67,84,22,84,22
158,118,185,108,152,187,128,91,109,113,93,86,68,73,22,65,87,20,29,40,41,57,50,29,89,109,72,56,118,120,50,34,71,76,19,66,51,21,71,54,70,163,141,122,95,58,126,150,177,167,109,66,84,17,141,233,176,106,52,157,178,119,49,61,10,124,135,110,14,77,64,51,14,45,62,45,15,28,34,76,65,35,55,18,56,86,83,55,85,77,75,83,125,156,92,46,108,37,117,254,308,230,101,92,214,192,113,168,97,44,107,114,104,129,45,92,79,92,67,18,18,61,61,69,63,29,80,115,53,21,96,150,82,45,63,63,17,65,49,58,67,63,52,105,83,55,90,6,167,253,235,173,83,61,161,98,95,203,178,78,99,151,191,168,59,35,36,56,137,120,60,95,122,79,54,17,37,44,30,40,81,111,119,62,37,13,84,135,129,75,68,17,39,111,109,103,60,112,159,138,57,112,150,139,69,30,101,171,157,78,14,58,114,140,105,112,119,107,144,131,57,18,52,85,106,154,88,43,70,86,84,44,78,117,121,67,65,107,116,25,8,42,112,132,85,132,79,79,138,78,67,175,241,132,241,132
45,82,37,85,104,45,82,47,16,24,28,49,6,65,45,24,29,78,57,35,53,111,44,107,99,63,50,97,54,44,40,14,7,37,50,53,123,62,95,95,32,106,83,72,27,38,132,30,83,49,83,97,39,87,84,92,9,43,18,58,96,53,93,140,51,51,60,81,58,69,84,54,66,33,95,71,57,68,62,63,73,119,93,53,61,91,45,61,82,53,40,31,57,33,39,55,16,68,32,82,112,23,46,15,76,68,54,80,18,34,45,37,89,33,61,77,18,35,59,16,35,65,11,91,74,131,131,112,61,74,141,56,38,57,34,63,90,49,66,74,21,71,21,49,51,15,74,99,27,66,37,67,70,94,60,42,115,41,42,32,67,95,54,41,28,62,76,32,102,108,67,69,111,44,54,84,75,43,45,53,82,111,84,55,104,30,8,25,78,9,122,129,34,36,42,38,73,50,68,17,20,65,88,41,24,96,26,45,10,97,113,44,77,29,94,116,38,113,94,8,28,37,20,60,80,56,28,56,82,59,107,55,49,59,49,7,16,46,28,68,64,32,14,69,74,71,44,44,30,109,88,38,89,26,89,26
38,18,96,165,171,112,91,116,113,123,196,232,182,83,29,70,114,96,127,107,123,155,134,66,58,63,88,105,70,51,55,84,175,226,235,216,148,72,96,77,28,71,6,64,127,144,137,83,31,48,42,45,89,107,130,83,44,88,73,69,51,22,63,170,237,262,218,118,44,58,76,113,49,58,82,60,122,172,141,88,82,60,35,78,67,35,126,182,189,125,93,113,113,129,166,123,64,10,57,106,91,51,34,17,55,118,147,119,80,100,118,119,152,161,167,124,41,55,104,56,49,43,72,139,163,89,38,49,11,63,82,61,79,68,107,185,242,257,174,58,48,37,52,72,44,27,78,142,146,113,49,23,41,45,91,149,181,132,48,23,24,27,33,50,79,139,189,227,213,132,23,42,69,94,75,76,71,32,64,133,140,96,55,69,13,64,62,50,142,209,234,192,139,129,119,77,93,123,119,85,7,71,55,49,76,72,16,92,138,162,133,116,109,67,93,152,187,143,69,16,63,74,53,106,125,161,169,92,55,87,62,41,84,91,101,73,110,217,284,282,190,89,70,81,42,11,16,9,59,110,118,113,43,16,43,16
54,45,32,102,148,55,55,97,72,35,103,136,92,51,21,30,100,144,139,137,144,111,119,114,86,67,56,27,49,70,45,40,49,33,90,116,121,92,91,113,104,66,93,158,128,113,95,76,52,35,76,96,104,113,130,150,103,90,92,94,124,113,54,73,45,23,15,9,18,72,99,158,169,161,134,99,121,146,177,164,152,133,76,32,46,69,102,68,29,64,104,132,134,91,79,42,40,102,158,144,84,6,53,56,59,70,51,39,46,72,95,100,52,50,92,97,78,59,89,92,93,115,79,49,58,66,84,71,76,56,92,108,79,72,96,64,114,142,134,75,69,82,46,11,23,84,104,136,118,56,23,70,89,117,139,137,119,101,96,98,84,110,91,55,13,87,108,90,46,52,59,122,181,231,205,168,100,58,78,109,150,159,128,72,27,12,16,18,30,40,59,112,126,63,82,88,113,143,157,109,117,117,81,53,36,76,108,88,134,111,105,124,123,118,84,68,94,83,71,68,48,31,43,44,38,82,65,48,67,85,128,147,130,148,141,147,129,69,60,95,103,90,57,22,61,47,13,74,123,94,30,48,57,79,57,79
18,20,30,84,82,38,35,86,49,57,33,61,66,29,48,69,23,16,29,2,34,30,101,85,17,98,80,24,6,29,45,60,41,38,31,42,65,70,62,43,59,77,48,24,77,134,30,70,68,50,13,59,19,86,47,61,31,9,60,106,35,40,35,73,101,80,40,63,27,26,21,25,29,48,84,88,15,76,72,68,63,53,41,22,84,73,42,70,2,21,47,100,21,16,44,85,58,43,19,62,58,80,62,11,12,58,57,64,16,68,64,80,28,65,54,22,47,73,67,72,42,42,17,17,25,16,19,7,41,45,48,32,57,59,25,42,52,17,62,60,34,25,38,50,55,26,20,56,50,56,22,61,53,40,32,80,35,52,50,61,10,55,65,51,30,57,80,52,102,69,44,46,37,2,59,59,89,97,57,43,92,60,31,19,72,93,60,74,79,38,88,89,56,36,49,37,42,45,42,108,78,77,42,13,17,61,48,92,50,57,62,71,42,75,53,24,48,58,60,33,75,39,26,59,26,12,48,59,73,42,54,39,23,25,6,29,1,53,49,15,52,52,22,33,41,43,14,11,8,52,62,31,19,41,19,41
42,113,163,238,182,52,75,126,153,63,72,110,98,12,100,133,82,32,57,133,141,141,70,35,64,91,81,97,74,11,24,82,91,60,64,55,73,98,88,78,29,53,109,108,22,121,201,194,136,179,181,227,223,175,70,53,105,76,29,47,101,134,122,76,9,66,83,54,38,70,95,102,84,57,51,29,58,102,125,117,28,63,68,90,67,40,112,81,47,16,105,119,101,51,96,201,213,185,122,62,152,141,86,29,73,136,185,110,54,76,98,72,100,125,112,37,115,117,84,17,79,84,98,85,85,62,52,81,85,91,22,50,96,126,69,74,110,85,42,29,75,84,48,13,84,113,42,67,136,164,72,93,154,170,193,128,74,62,85,106,54,29,58,139,155,82,33,90,107,42,76,100,123,102,58,50,24,2,26,41,73,79,30,86,100,58,35,75,103,104,43,62,80,86,75,57,59,150,202,183,124,80,196,236,166,42,76,117,165,128,78,43,68,77,82,94,90,64,100,78,40,34,101,92,46,6,36,30,41,44,70,104,40,64,114,141,83,69,97,79,58,90,130,109,73,48,32,107,75,45,55,110,108,73,108,73
12,54,84,15,24,44,40,23,23,55,29,10,65,30,56,87,13,68,33,20,10,24,30,48,23,23,24,21,84,55,78,42,42,62,72,85,75,56,32,56,42,61,60,60,29,15,34,26,26,11,42,56,49,48,34,95,55,28,56,48,50,58,33,5,114,64,45,65,24,61,58,44,23,47,37,48,59,37,23,75,66,36,55,59,14,75,13,65,76,72,62,33,32,23,51,28,79,34,59,56,18,46,34,25,45,26,39,81,71,23,7,23,46,39,77,40,69,67,67,90,63,54,11,47,30,56,50,23,43,42,13,27,80,48,59,55,78,52,35,32,54,19,26,45,23,19,33,18,12,70,29,27,61,39,47,40,61,110,55,21,68,31,89,73,36,65,76,9,55,13,43,75,37,16,10,51,52,15,31,24,13,16,27,33,57,60,21,69,59,69,63,43,77,75,40,26,61,58,78,24,45,15,20,51,55,7,20,20,70,65,17,38,52,51,52,69,5,109,81,62,20,24,50,58,21,13,32,27,26,29,33,14,4,13,15,7,61,10,60,30,8,56,83,42,28,27,62,65,69,58,69,47,35,31,35,31
67,69,46,103,105,110,161,118,27,109,142,157,103,42,49,59,44,31,23,66,68,55,68,110,103,60,34,18,49,61,21,51,30,55,50,62,107,95,10,86,107,80,55,16,52,80,89,43,25,83,63,5,55,58,34,13,9,61,92,100,54,43,78,64,49,24,37,34,3,21,38,24,37,51,75,79,58,36,11,65,32,20,19,21,30,26,83,131,143,118,85,39,121,131,109,89,46,69,52,24,27,7,40,27,21,41,57,85,115,125,49,77,123,124,115,88,35,78,62,51,49,63,74,39,22,96,87,84,56,35,83,67,36,41,53,89,61,32,104,101,42,62,116,123,75,28,31,84,80,58,46,66,71,56,49,102,40,21,5,37,83,121,96,61,85,71,40,30,65,49,14,27,73,53,13,60,102,111,82,17,63,80,36,8,41,52,35,20,75,111,131,147,75,7,89,108,105,94,70,44,79,71,19,26,38,52,62,53,49,71,120,90,33,35,103,129,132,123,59,39,69,60,71,57,68,82,51,38,83,87,64,35,17,65,64,47,51,60,73,6,68,89,68,41,120,99,70,51,14,41,88,95,64,62,64,62
38,21,53,151,113,89,103,11,74,80,64,84,27,46,64,33,55,87,30,63,54,75,78,10,30,90,13,60,69,36,21,88,42,68,10,18,93,99,56,18,55,74,26,18,30,20,46,41,19,21,20,32,33,35,20,52,51,44,76,62,32,56,34,32,65,11,10,59,84,69,110,84,92,43,55,44,37,72,89,93,50,73,121,69,20,81,72,41,93,94,72,54,35,87,79,45,43,41,24,30,45,32,48,54,14,65,62,71,89,66,39,89,79,138,60,36,64,57,53,42,63,95,61,52,57,54,36,114,79,33,83,74,61,14,31,68,26,41,72,87,70,35,82,83,60,42,45,25,2,11,16,11,29,12,18,19,36,61,60,29,32,30,35,27,48,7,45,37,8,26,98,96,83,47,82,119,80,45,50,31,88,111,67,38,64,53,43,27,40,47,53,60,41,7,44,50,30,46,34,18,37,33,40,26,56,77,24,44,20,28,80,92,62,38,44,73,54,65,19,24,73,41,8,74,75,102,21,51,57,58,102,114,46,61,103,60,57,52,52,77,58,65,128,81,81,40,36,61,60,59,53,4,34,39,34,39
46,9,50,92,90,48,56,77,54,29,28,45,27,36,43,25,85,87,41,44,32,80,106,81,48,56,34,15,63,50,28,45,4,62,23,48,38,30,32,81,22,40,42,38,50,11,67,44,23,27,45,38,6,37,29,34,84,57,59,56,25,75,60,56,54,36,50,87,26,55,38,79,60,38,71,84,96,93,70,40,57,65,41,66,46,41,83,31,65,74,42,11,36,84,58,15,14,26,23,25,22,25,15,35,54,13,18,51,77,34,18,7,35,32,28,23,15,30,47,36,28,44,1,39,30,81,79,49,53,10,58,11,63,72,43,29,14,26,9,20,9,21,55,98,64,18,48,65,45,34,63,64,41,25,13,12,53,68,87,51,44,52,68,66,84,75,22,15,51,64,102,77,14,26,63,100,101,78,73,64,60,16,45,15,66,71,19,62,58,51,102,58,71,40,19,36,16,64,37,18,31,54,33,34,27,22,28,50,18,32,7,18,19,42,42,35,60,72,44,6,17,16,41,15,34,33,33,22,76,85,87,93,56,34,87,49,45,60,34,18,25,35,59,86,46,30,82,79,30,4,33,53,47,25,47,25
41,95,149,210,138,169,122,74,43,103,74,64,55,69,108,114,119,106,68,30,57,70,149,256,265,154,10,49,76,107,107,123,64,29,19,43,75,79,46,24,113,152,151,149,73,52,17,45,147,174,119,20,29,29,42,85,94,75,101,77,26,78,96,63,64,62,45,28,39,110,145,78,37,55,129,170,206,111,64,70,100,132,197,187,123,37,39,58,46,72,45,104,74,129,141,159,144,112,101,105,43,49,85,108,85,170,167,144,82,95,77,8,52,81,67,51,90,115,111,85,46,51,16,102,184,169,160,131,67,72,81,161,164,185,150,80,22,78,42,11,71,86,87,74,98,132,103,53,11,24,67,154,201,85,45,48,14,51,98,104,98,54,3,27,63,36,48,43,22,26,118,166,195,174,49,46,114,72,66,45,58,11,85,141,175,169,133,78,71,66,71,46,30,88,130,152,135,123,153,105,45,68,60,66,65,122,114,137,95,126,129,40,10,20,17,18,6,33,16,48,106,129,141,95,81,23,94,166,160,72,35,47,60,160,183,162,96,85,49,52,61,18,25,54,110,134,157,121,96,70,14,65,119,100,119,100
11,8,70,52,83,31,76,67,119,91,73,12,32,108,56,91,100,88,52,10,80,76,138,74,73,26,29,51,43,94,49,17,98,62,71,49,15,49,21,99,71,106,53,16,56,67,85,41,39,51,36,50,66,52,75,84,77,115,144,130,77,54,88,53,50,3,37,56,16,36,41,136,46,112,64,70,90,73,97,8,65,15,44,47,62,60,37,39,88,45,153,95,97,75,85,139,97,69,60,17,40,50,51,97,23,17,38,26,48,50,93,36,95,64,9,75,82,77,82,85,72,64,105,30,50,86,57,61,17,54,5,79,18,14,85,79,115,39,53,98,6,60,43,69,50,43,45,18,114,60,45,15,38,44,10,47,49,57,89,116,105,151,91,111,23,42,16,98,59,66,52,71,31,110,90,89,56,89,73,11,134,42,106,7,21,28,6,41,40,35,18,60,73,86,106,60,90,53,65,120,20,51,50,59,42,75,74,62,45,27,57,97,138,32,40,42,13,63,6,69,35,88,15,25,99,88,56,30,37,91,49,110,17,36,7,64,73,85,110,45,32,67,44,88,47,111,56,110,79,61,16,48,35,21,35,21
118,102,110,102,17,91,104,57,65,59,100,25,95,74,26,106,144,79,100,123,69,85,137,106,63,70,14,62,32,21,31,69,39,73,42,42,90,110,122,91,41,39,28,54,104,146,56,45,77,60,74,35,96,146,115,56,65,43,80,91,106,103,81,41,49,55,10,71,66,11,39,64,26,42,80,104,123,123,90,72,93,87,133,117,47,54,83,39,74,52,88,38,89,47,38,51,93,102,63,48,92,43,96,105,59,82,82,39,96,33,74,78,90,42,77,46,86,74,102,149,123,104,45,37,83,123,58,58,15,80,68,26,52,48,55,85,85,72,69,80,108,102,45,17,24,22,97,119,42,59,75,42,44,42,112,148,77,80,80,29,63,89,61,71,96,44,19,21,61,109,63,19,48,23,40,82,55,82,109,89,78,76,66,47,131,120,90,62,80,10,73,36,97,69,114,53,24,5,101,103,82,48,90,44,122,34,57,68,75,20,81,37,126,49,82,41,51,50,44,51,106,157,130,92,5,36,60,115,89,57,28,75,12,20,24,59,71,107,51,58,73,65,48,49,58,61,32,6,71,79,49,155,117,64,117,64
59,49,91,127,110,92,82,18,24,10,73,74,92,2,92,61,39,29,53,82,1,117,122,79,64,38,46,42,58,46,19,77,64,118,64,34,35,14,27,44,69,61,44,22,78,27,31,67,108,36,45,43,41,78,29,41,66,17,36,61,25,37,30,18,46,39,51,88,21,51,38,84,34,48,25,48,58,20,91,84,20,29,40,43,25,66,52,19,24,40,53,18,57,114,28,48,33,62,108,76,41,91,20,63,50,92,79,39,71,37,42,50,67,62,68,70,107,55,78,46,47,60,36,119,67,72,100,101,87,3,80,23,18,15,76,124,49,68,109,27,67,83,77,68,34,28,60,107,87,67,96,18,67,48,60,38,25,14,51,60,74,68,47,28,60,55,36,20,91,25,37,66,93,38,36,67,58,83,22,20,52,15,16,10,52,4,32,112,47,56,24,60,63,61,15,33,36,63,31,30,52,65,45,36,21,72,30,21,51,53,62,13,42,51,42,52,65,108,92,33,85,43,65,26,34,52,35,77,43,147,108,41,54,22,54,36,88,79,53,57,63,53,66,49,29,56,89,70,69,49,69,83,57,22,57,22
124,113,105,161,66,76,77,42,106,138,107,72,20,42,167,121,39,108,203,263,212,97,89,119,125,139,144,130,56,86,92,146,141,65,20,94,136,116,80,72,46,93,136,88,127,174,136,110,118,33,70,80,147,154,111,105,123,140,89,98,138,187,170,86,35,110,212,197,71,51,139,241,206,73,41,36,52,94,216,283,194,106,90,176,212,97,35,112,196,198,159,109,126,154,120,38,15,64,99,64,54,97,162,145,154,161,146,60,58,44,48,91,50,59,97,39,106,30,75,111,144,206,162,76,106,155,193,182,139,115,112,194,126,113,102,4,56,35,86,54,46,82,62,60,109,62,91,173,135,131,140,83,27,72,128,92,19,48,95,109,88,77,137,177,143,64,25,116,204,177,90,115,218,296,235,119,86,70,85,91,218,216,141,67,116,228,193,127,44,138,199,164,110,81,92,159,137,31,85,107,129,87,22,57,127,113,160,182,151,75,119,136,74,62,85,94,135,95,35,78,152,167,97,99,93,164,181,164,184,160,126,136,199,272,213,95,37,112,134,67,54,13,65,146,94,13,42,66,48,94,93,121,142,116,142,116
83,9,112,133,61,46,24,55,61,86,18,39,19,21,39,26,34,49,19,19,18,58,22,24,35,69,38,48,47,39,31,60,30,58,55,35,56,47,56,18,61,74,57,91,62,52,35,58,57,19,63,53,65,20,79,65,72,29,85,48,31,69,97,33,65,85,25,70,31,7,88,61,42,77,32,6,22,21,88,25,25,40,76,46,60,44,68,35,31,78,63,48,42,35,79,112,68,83,83,72,10,56,69,66,66,52,51,58,22,33,49,71,35,65,15,56,39,46,72,51,38,2,21,44,39,32,40,54,41,48,71,50,36,59,33,63,77,28,47,21,23,52,61,37,51,90,72,13,34,21,54,21,53,8,34,14,35,37,27,86,15,74,8,64,54,62,47,51,60,19,56,26,83,15,43,82,40,33,25,32,64,43,46,85,36,8,75,54,55,93,83,71,77,98,16,32,69,103,26,58,65,77,69,40,86,42,56,51,47,12,13,28,26,98,45,54,92,92,20,23,33,47,38,37,36,49,75,61,45,36,29,56,45,7,87,33,5,26,78,64,26,28,29,38,63,64,27,65,70,60,17,33,21,40,21,40
120,79,40,86,25,84,114,115,129,142,136,96,72,51,45,24,56,68,64,53,51,72,59,42,46,48,67,72,52,66,42,30,36,75,102,137,127,136,107,97,62,32,47,32,7,19,60,82,104,122,89,80,54,47,25,22,41,23,50,45,47,60,67,81,77,35,58,45,31,39,75,86,68,62,53,29,69,98,84,99,65,43,44,66,60,34,41,49,68,103,115,88,95,78,55,59,38,71,93,137,171,144,142,92,65,58,20,79,73,81,85,122,173,161,105,93,85,28,30,52,11,34,43,43,17,28,25,16,17,48,42,11,21,49,28,30,78,114,110,147,165,126,135,91,63,67,8,29,51,103,139,147,167,122,91,78,12,55,44,77,77,82,93,79,50,63,42,40,54,64,30,45,79,68,91,111,92,47,67,73,94,89,70,31,11,16,55,49,76,98,88,59,80,39,40,30,45,63,12,44,56,101,125,124,72,80,57,19,25,56,77,36,53,98,109,141,115,111,100,61,26,48,56,65,65,78,74,43,36,35,55,78,78,40,68,64,43,23,13,30,74,103,129,142,124,91,119,112,60,26,16,88,123,150,123,150
86,44,83,61,82,101,49,31,71,98,101,43,78,110,117,89,83,140,128,77,36,40,58,61,37,25,45,39,112,52,97,162,166,58,18,54,32,43,93,53,105,132,76,14,59,31,108,75,163,153,111,31,121,60,57,20,79,126,62,77,101,103,66,70,47,58,166,148,117,56,89,20,88,64,51,73,7,73,59,73,143,108,42,74,45,61,48,28,57,35,101,51,67,99,45,116,63,60,121,167,41,73,46,47,76,123,84,139,42,60,68,116,103,54,61,100,118,111,44,55,131,92,63,55,121,81,28,45,32,61,96,31,66,140,153,81,72,25,15,30,81,24,97,129,88,51,22,27,100,97,177,141,70,16,101,77,101,48,22,87,97,129,131,114,82,54,46,29,84,91,120,38,72,36,110,106,47,32,39,86,85,79,115,125,75,98,51,48,64,75,97,42,119,119,97,86,38,82,58,91,139,181,54,46,28,123,92,112,39,125,42,132,147,170,155,48,120,87,89,44,29,69,88,109,110,101,84,107,36,36,14,46,80,18,47,115,144,63,106,9,22,22,63,64,145,159,78,47,21,15,106,104,187,106,187,106
59,64,9,85,151,99,83,86,43,36,41,22,109,77,86,61,104,94,149,88,27,42,49,97,89,89,131,134,63,16,68,98,102,85,46,31,64,51,38,58,61,52,33,22,37,49,80,74,91,58,93,100,95,67,54,21,38,39,43,47,38,84,73,73,47,25,103,82,90,41,34,58,123,56,53,14,85,49,44,45,140,103,79,82,131,97,70,33,17,45,71,81,80,86,133,127,35,78,77,104,74,18,64,25,28,89,91,116,121,102,84,51,80,88,60,38,56,55,124,140,152,146,92,43,93,120,99,138,108,118,128,86,68,121,121,143,106,47,1,21,79,128,90,84,122,132,63,36,15,76,41,75,49,73,120,87,99,46,81,89,106,96,84,41,67,105,46,15,76,119,132,113,45,26,109,47,47,55,121,118,79,56,84,98,51,40,46,28,43,20,76,50,87,87,43,49,19,26,4,39,68,109,53,41,61,104,62,34,22,50,69,54,83,115,130,71,54,53,67,51,43,68,100,126,92,44,81,120,146,56,100,113,79,49,41,117,111,140,35,56,41,57,38,77,61,51,116,135,79,53,92,55,83,104,83,104
15,48,38,106,135,59,19,33,19,48,63,64,29,42,27,48,53,38,26,1,35,69,67,28,12,51,54,63,29,3,32,16,43,23,68,72,45,60,77,12,56,79,13,52,60,21,38,21,89,82,84,48,18,20,84,80,22,66,29,47,57,61,60,62,91,35,28,37,4,9,8,30,46,50,22,28,39,58,63,34,18,36,59,28,16,58,63,37,48,35,38,37,35,55,90,52,56,13,18,55,115,77,71,57,62,48,59,60,41,43,38,28,51,46,36,36,27,34,25,37,5,28,8,46,57,66,30,18,32,16,38,42,13,22,24,32,34,38,41,28,14,25,38,73,67,50,46,52,16,66,39,98,73,89,34,43,56,75,81,53,52,12,25,41,48,55,18,57,9,3,36,23,38,18,52,34,41,34,21,54,35,21,53,32,6,16,35,18,46,66,16,34,22,6,14,50,59,93,75,21,23,33,85,114,74,19,28,31,62,85,71,29,12,25,49,67,31,40,43,9,19,42,36,40,40,37,81,47,19,68,24,81,18,1,50,39,28,40,37,16,51,10,35,29,25,56,41,41,117,85,65,40,55,54,55,54
90,54,57,52,125,174,68,76,42,43,30,53,66,94,99,70,130,29,22,12,30,15,9,30,40,43,58,58,92,5,38,54,77,8,40,108,72,48,39,82,79,58,23,109,58,28,60,29,164,76,196,57,74,46,51,85,57,91,62,91,92,107,38,81,71,52,112,77,37,41,93,52,45,82,60,58,48,90,48,46,22,105,107,21,94,142,34,47,40,68,56,57,52,83,42,9,36,59,82,57,121,46,119,7,61,9,59,143,24,98,71,83,37,55,53,34,65,63,153,60,14,71,100,43,31,27,22,64,66,61,77,40,27,84,92,55,87,116,79,70,76,79,137,81,17,113,55,35,60,47,146,56,119,86,64,64,59,71,68,96,29,122,36,46,30,60,81,9,85,90,83,34,10,58,40,45,13,10,40,129,48,57,41,50,38,23,87,51,74,15,90,74,65,54,82,74,14,42,59,70,83,30,90,23,96,2,79,57,84,95,36,63,128,104,61,83,84,21,150,43,76,30,14,63,62,46,39,114,32,34,26,60,20,50,27,79,124,75,146,110,22,49,52,108,92,77,36,135,88,83,73,47,64,16,64,16
130,59,46,42,47,11,57,35,31,93,164,121,102,177,68,16,18,11,65,84,52,38,38,21,56,56,41,25,69,108,93,50,51,71,41,96,87,80,112,145,128,26,24,71,60,98,123,120,170,177,144,91,106,71,34,53,76,31,107,149,120,73,85,100,52,86,85,62,80,89,12,81,51,47,77,55,54,78,60,85,73,23,24,24,60,122,64,117,126,77,79,81,70,21,50,37,19,54,91,40,75,151,141,78,87,101,69,74,31,42,88,146,151,89,87,147,45,34,56,51,89,92,68,36,22,49,73,48,7,25,76,115,92,49,31,33,83,158,85,115,183,149,102,20,22,66,87,82,116,123,163,166,94,75,93,15,29,44,85,25,103,67,56,74,118,128,58,112,69,50,61,23,47,74,57,24,13,41,51,36,16,54,1,84,65,53,53,54,42,105,112,51,79,103,105,30,77,66,29,98,134,102,139,155,206,128,101,105,76,86,70,44,89,144,163,101,86,99,59,70,79,80,98,112,53,20,24,32,72,50,40,8,31,97,80,6,28,45,50,172,94,124,154,115,59,87,67,22,55,34,52,45,100,111,100,111
188,72,14,114,58,86,152,121,69,35,10,97,95,106,180,101,61,74,16,119,114,55,44,84,89,93,70,52,62,65,58,74,84,94,44,97,82,62,130,164,38,87,116,58,79,35,180,122,71,138,98,52,95,18,123,53,52,114,69,148,168,59,83,111,67,29,88,68,120,70,133,40,80,91,98,16,71,44,98,105,54,84,102,83,125,150,130,57,44,39,31,194,197,68,31,98,63,20,111,86,64,91,163,106,66,29,63,115,142,130,78,50,48,66,74,53,139,101,74,48,41,87,111,111,129,94,112,71,92,20,81,45,118,57,124,118,69,84,77,104,114,112,79,115,163,111,105,25,173,119,9,141,130,51,49,112,144,35,36,107,113,134,138,108,56,110,45,19,83,117,65,35,135,114,39,32,45,28,67,13,129,96,97,130,59,49,84,120,201,96,41,70,34,140,177,71,70,60,78,41,73,75,121,112,173,67,73,41,57,111,92,94,135,70,22,59,34,94,141,51,75,59,74,162,84,95,125,39,102,83,62,57,42,79,74,56,127,132,86,31,9,70,73,74,117,104,138,109,132,33,177,135,14,67,14,67
112,125,50,22,123,149,137,97,79,116,137,119,8,78,119,137,130,91,77,98,165,181,137,93,78,146,182,162,112,69,136,152,93,79,143,206,231,193,105,38,42,15,30,70,139,145,126,96,65,25,80,115,107,123,148,120,85,47,9,42,86,114,152,193,203,154,65,55,87,75,98,128,92,48,32,10,20,68,118,137,140,101,23,57,94,132,141,76,7,66,39,95,95,118,148,131,53,70,122,111,52,26,75,101,85,62,34,43,94,101,36,96,143,137,120,122,115,108,127,125,76,61,132,199,235,204,169,209,230,187,163,90,32,118,128,68,83,129,164,180,144,27,60,53,43,21,52,105,133,130,72,27,122,138,143,156,139,123,106,69,66,55,58,50,73,78,128,153,80,24,41,92,164,211,186,162,116,108,127,108,41,54,107,133,69,17,47,144,202,174,124,93,115,122,132,133,165,199,133,71,109,121,96,80,65,62,48,72,92,73,54,32,27,102,145,145,190,233,191,97,54,82,100,94,55,103,165,176,149,113,198,231,235,195,66,67,136,117,127,88,90,121,110,17,59,85,105,105,85,104,168,176,123,82,123,82
28,32,53,67,37,55,31,39,8,8,2,13,20,22,24,34,32,5,38,63,46,46,7,16,29,11,69,49,43,8,19,40,70,45,8,37,19,24,35,43,31,10,34,32,23,41,6,18,37,41,50,42,41,51,35,35,32,23,46,42,20,15,28,39,17,15,48,58,52,27,54,52,97,46,13,17,16,47,26,29,21,42,17,23,31,34,21,11,19,15,23,14,11,40,46,16,44,34,27,38,56,87,19,49,40,25,8,55,47,16,12,15,25,27,17,18,29,25,26,16,26,58,20,54,41,17,7,19,52,45,13,11,42,8,4,39,15,8,19,31,44,36,26,33,16,46,6,46,25,21,25,35,57,26,50,49,23,33,39,26,18,24,56,34,29,49,18,45,11,21,46,19,61,45,52,31,9,21,18,3,9,20,24,59,47,8,56,20,32,11,12,36,34,13,18,24,14,41,37,55,38,34,40,70,57,47,59,49,47,15,48,12,22,15,11,8,41,19,17,11,20,29,42,55,27,26,37,30,4,9,26,37,24,33,50,29,40,37,16,46,8,26,24,50,12,21,11,18,17,30,28,32,28,25,28,25
41,60,74,116,95,108,126,80,30,11,38,39,30,46,62,180,127,25,29,34,75,54,56,54,83,64,81,49,60,71,104,136,107,84,18,52,97,42,85,102,71,85,122,45,76,135,73,117,47,58,57,91,8,61,66,126,28,85,95,61,40,61,119,122,84,49,29,57,15,127,99,73,55,75,80,40,39,31,17,76,75,114,109,80,83,58,70,58,33,53,40,58,95,59,93,95,67,150,36,17,50,62,42,138,117,138,113,72,36,72,122,47,48,64,117,47,52,100,84,116,79,103,51,42,95,57,35,53,92,80,100,93,52,53,110,98,95,123,70,35,55,46,61,62,26,121,36,76,30,22,15,109,86,97,34,63,109,11,74,82,25,80,104,108,101,34,18,106,75,88,115,83,71,97,129,121,135,40,49,47,85,45,58,48,49,137,99,48,104,68,72,35,39,49,100,44,60,37,72,131,86,104,29,47,82,52,45,109,96,115,101,90,37,46,60,36,34,57,82,135,114,50,59,81,99,102,65,80,52,64,76,87,89,125,144,146,72,60,18,59,68,75,77,73,92,42,135,90,106,201,79,100,73,78,73,78
23,41,58,91,31,15,17,9,8,40,15,34,58,44,35,33,40,20,21,50,41,20,36,18,12,8,11,16,49,31,7,37,62,30,31,55,62,32,8,20,4,35,31,12,20,44,49,37,33,26,49,34,48,43,31,34,22,15,38,16,29,32,21,22,30,61,50,18,14,45,7,5,19,37,50,37,45,55,40,46,20,20,43,33,30,63,27,44,25,30,10,25,38,51,51,17,23,34,68,53,52,38,31,38,61,73,26,3,24,52,32,19,22,26,43,44,62,56,38,21,21,38,38,32,39,17,32,57,58,34,44,36,41,71,53,20,18,57,49,53,10,9,18,29,17,61,47,50,7,22,33,42,37,18,52,46,75,54,22,19,40,41,47,25,19,24,35,59,40,40,20,5,22,35,15,14,16,16,30,36,36,44,43,20,22,65,46,22,51,47,22,39,17,6,24,12,29,40,26,62,35,16,24,9,45,19,19,47,57,30,35,21,17,19,21,29,41,29,57,32,33,44,39,10,8,40,7,7,14,33,28,13,50,27,31,15,44,49,54,58,34,27,20,13,32,38,28,17,52,11,17,30,59,22,59,22
112,87,41,78,65,89,65,30,59,21,69,139,154,133,72,62,139,163,134,63,48,7,28,84,53,16,67,93,101,126,37,81,78,37,51,149,111,124,154,91,59,78,74,55,57,54,83,33,49,59,57,53,67,71,25,69,39,68,65,72,88,55,93,130,98,38,56,113,67,107,104,94,109,41,53,75,48,80,58,49,69,131,175,87,83,137,163,141,51,52,75,74,47,9,67,19,84,36,132,43,48,81,129,84,30,56,69,97,118,35,30,37,59,138,91,109,118,101,102,104,138,64,54,64,71,108,68,47,75,131,200,165,95,85,101,98,57,125,104,83,136,57,17,52,55,38,77,18,68,38,51,100,58,83,88,93,69,126,89,25,83,74,77,54,126,117,66,41,61,120,129,87,69,90,119,102,38,28,19,106,133,67,49,86,127,47,97,155,129,132,104,31,86,59,70,46,38,42,104,36,107,124,83,108,147,122,74,17,77,88,111,40,50,22,26,79,125,82,118,110,64,55,131,75,47,78,128,117,45,41,63,83,148,153,84,48,122,108,56,65,98,90,129,57,32,54,59,39,100,28,85,83,61,92,61,92
78,94,22,80,94,106,74,14,38,75,90,120,133,111,107,122,124,126,106,135,182,187,185,103,67,111,86,71,134,203,193,192,185,178,114,30,25,28,69,147,176,162,153,148,144,88,33,96,159,151,122,95,28,116,105,118,150,169,115,41,31,106,117,101,125,157,156,121,132,166,124,64,57,38,34,135,186,234,207,109,47,40,71,159,203,174,116,70,22,45,91,88,141,155,101,55,72,147,175,116,39,39,8,30,25,59,78,73,41,54,112,101,115,125,61,44,132,175,247,231,167,195,189,161,100,32,79,166,130,104,135,180,172,125,123,125,95,66,25,9,48,109,162,137,48,20,17,30,107,161,141,138,81,43,62,133,138,138,160,165,117,22,88,129,80,60,46,70,76,55,77,94,70,40,116,130,144,171,191,181,165,114,130,131,159,238,265,238,157,69,9,49,84,154,167,136,88,85,114,146,136,80,42,52,75,87,128,116,62,72,71,141,171,174,131,70,23,119,189,232,273,233,189,201,155,56,14,90,171,221,194,189,170,135,103,83,86,45,59,58,19,71,107,132,166,117,12,49,56,33,85,114,75,125,75,125
33,30,43,132,120,70,31,48,7,52,14,14,30,25,46,35,42,27,18,29,14,22,83,62,58,79,13,16,10,16,3,15,13,24,27,10,46,28,21,27,47,84,41,69,50,28,14,34,35,37,17,19,23,36,32,58,57,13,33,23,37,6,18,23,23,36,22,69,30,5,31,26,9,54,74,68,49,7,43,50,36,28,47,22,23,23,3,60,29,12,52,68,72,68,85,55,32,21,7,24,17,36,57,37,31,38,18,71,51,68,44,8,21,33,41,21,10,39,17,44,26,3,26,10,34,13,32,18,18,38,41,24,11,33,22,14,22,3,30,47,45,26,55,92,86,120,34,36,41,8,39,29,38,55,23,19,42,39,40,77,44,40,44,62,66,74,41,43,70,45,37,26,23,14,12,51,13,53,9,36,40,34,23,35,25,30,50,32,19,18,49,50,37,23,54,71,78,34,37,27,4,34,41,46,15,28,36,31,48,24,102,76,35,44,55,47,70,25,24,60,61,47,34,39,13,45,73,44,41,36,30,54,39,34,40,10,35,41,47,25,16,26,41,47,53,47,88,83,22,34,24,42,8,54,8,54
76,95,149,140,28,118,127,81,29,56,116,64,18,46,97,105,106,104,87,17,89,102,90,60,77,118,126,123,17,78,70,109,161,123,50,59,91,125,68,37,80,110,173,134,67,70,108,107,67,55,100,231,179,70,76,44,119,135,47,6,21,105,56,93,138,10,147,189,147,101,141,169,120,101,92,34,98,94,148,177,130,55,81,151,108,35,107,88,111,109,25,22,111,175,63,57,78,169,219,110,19,38,155,175,63,47,33,160,164,49,66,39,81,120,89,98,15,152,120,89,83,78,150,119,82,100,43,120,72,81,137,86,137,118,100,76,77,52,2,122,131,12,51,106,170,82,53,90,96,180,128,29,51,21,134,92,93,105,78,120,120,102,42,29,141,85,5,57,181,149,73,118,74,71,130,75,50,67,71,75,77,122,26,82,104,158,196,131,15,70,116,105,71,106,87,106,113,74,103,48,81,127,79,55,63,151,182,90,76,76,136,136,46,15,81,110,56,66,51,68,158,113,87,64,144,151,126,97,33,84,148,89,101,69,42,54,120,158,33,71,123,111,86,48,84,52,122,173,41,70,90,130,141,140,141,140
41,8,95,107,13,52,6,22,52,25,66,57,90,64,44,74,80,82,9,36,53,13,20,36,55,50,29,44,23,8,52,58,39,65,62,66,16,70,13,85,42,8,42,31,59,80,13,25,26,4,18,8,53,102,52,71,32,52,23,39,7,42,6,29,43,90,39,54,36,26,47,52,10,48,94,92,49,38,46,2,30,17,59,55,56,34,39,28,47,25,56,11,21,17,30,45,60,29,37,29,11,40,33,26,68,51,33,31,21,27,55,7,58,27,23,28,51,24,36,24,35,39,52,40,58,55,38,25,44,43,20,31,24,76,48,59,39,79,40,64,5,36,10,27,56,44,35,73,48,63,28,16,39,42,35,35,20,75,62,26,64,48,20,43,4,65,16,49,80,85,29,44,57,25,25,23,63,48,42,42,18,15,26,46,50,19,101,60,63,15,73,3,43,11,20,12,12,56,77,21,24,22,28,49,55,18,58,3,96,67,13,20,20,26,26,27,61,34,102,75,50,51,70,53,14,55,82,74,70,2,56,60,50,36,32,48,35,74,15,52,12,57,30,43,35,33,17,29,47,75,41,63,22,28,22,28
71,101,39,162,143,64,82,129,84,169,205,224,157,183,161,161,142,87,82,111,156,89,50,109,156,94,55,108,90,40,124,185,251,226,147,135,219,182,9,111,74,95,155,80,26,29,110,136,41,31,43,43,56,47,112,152,83,42,50,120,86,79,126,74,49,90,116,110,36,92,181,161,40,55,111,142,200,162,92,53,170,109,93,97,19,118,81,24,136,142,69,84,150,83,61,40,7,55,94,75,42,44,126,118,16,101,84,48,113,117,32,175,140,33,130,226,195,149,65,139,178,72,61,35,81,91,105,79,25,108,159,69,83,109,127,114,39,152,270,178,57,102,97,24,32,99,113,37,28,38,98,74,93,163,124,82,68,42,197,176,43,123,143,66,175,232,247,179,213,183,99,55,137,165,56,50,114,105,72,59,101,70,35,102,201,203,91,237,249,223,126,129,38,102,100,66,31,134,133,49,73,156,99,42,65,92,101,61,68,132,47,46,40,84,101,167,130,74,152,165,48,78,130,131,172,43,68,133,226,157,121,84,34,112,185,143,80,131,118,86,175,131,61,105,190,145,50,77,141,118,18,122,59,46,59,46
110,65,42,48,87,36,152,176,97,46,102,143,102,51,89,77,48,19,9,65,27,28,96,122,129,98,65,48,43,70,85,42,23,30,81,89,70,137,201,161,50,52,50,47,56,92,57,74,100,44,51,68,96,137,72,2,39,111,83,131,216,149,42,61,36,24,57,53,92,48,64,45,31,66,65,62,54,28,27,25,3,40,58,82,38,59,92,108,138,99,61,191,144,41,149,114,98,81,64,21,44,73,129,71,73,115,158,75,91,135,149,93,133,187,142,57,45,59,12,24,50,101,48,20,114,121,98,123,90,51,36,62,69,13,27,70,105,101,83,95,174,137,33,16,91,141,68,95,97,91,98,58,31,31,102,154,97,26,83,130,89,110,162,110,68,6,31,58,62,87,89,61,32,60,24,14,35,69,99,121,62,13,51,49,86,76,58,34,43,77,155,128,90,200,185,61,104,111,101,75,82,57,77,93,101,67,30,80,173,94,47,85,163,140,85,175,157,62,66,60,16,70,42,60,60,35,104,169,124,70,55,44,38,30,25,50,68,39,80,110,52,84,136,144,116,69,120,144,30,111,118,144,68,52,68,52
68,60,56,29,59,94,101,39,33,15,85,115,67,11,57,51,2,4,26,12,57,55,25,52,52,58,37,75,78,58,38,58,33,11,13,24,57,66,57,102,73,103,81,85,119,85,72,51,24,26,49,43,39,89,95,111,93,78,124,105,65,73,64,37,60,32,18,34,52,35,45,66,76,65,73,43,33,36,19,33,45,10,19,27,79,81,44,48,38,40,73,29,88,110,88,75,51,79,70,52,48,90,70,87,115,86,76,64,88,93,72,53,80,80,79,80,60,25,44,36,12,51,38,45,47,29,41,66,87,47,82,72,46,12,36,34,44,89,101,47,78,66,54,96,106,119,96,107,81,71,34,70,90,55,59,89,85,123,102,114,81,73,61,97,101,79,50,32,53,31,17,38,63,19,79,61,36,33,34,45,46,39,34,29,27,18,49,80,57,31,36,64,80,56,50,41,76,85,64,64,96,55,47,70,55,104,86,80,88,98,54,78,87,64,66,23,51,71,48,44,40,14,33,17,38,43,51,34,43,44,22,71,64,78,70,22,17,29,34,16,65,83,40,65,66,96,104,90,109,82,60,98,66,25,66,25
75,148,161,168,148,101,63,38,28,112,115,97,111,79,75,158,152,56,24,39,82,25,100,138,157,170,92,90,73,47,37,64,122,83,28,65,64,36,121,135,78,19,87,110,147,141,165,160,150,117,52,33,50,11,9,74,97,60,32,56,125,101,20,84,123,103,56,101,68,17,37,108,103,111,186,160,200,199,98,94,73,42,25,68,79,41,54,133,156,67,67,94,46,66,82,78,42,28,58,98,151,168,111,62,127,116,118,111,39,55,55,12,92,119,90,27,73,21,116,103,36,31,106,148,131,136,109,71,136,91,44,74,86,107,104,126,146,137,50,90,93,70,80,19,87,96,113,72,88,89,78,101,167,183,153,160,194,106,89,98,39,86,116,34,63,81,79,176,179,102,118,43,4,47,112,104,131,162,65,97,102,45,70,40,87,111,133,76,80,75,113,145,70,41,61,55,103,134,191,141,138,105,76,116,85,61,67,100,96,81,111,82,47,80,43,53,115,101,26,153,140,86,47,12,65,115,113,157,253,208,86,119,96,35,35,28,45,99,58,114,134,48,69,101,70,23,9,76,80,133,141,125,163,118,163,118
66,99,93,131,62,63,64,17,2,34,37,31,53,42,27,36,83,97,73,83,89,78,51,10,42,39,42,64,75,76,80,73,47,43,39,74,91,68,44,16,28,25,52,72,51,13,41,30,37,22,40,39,34,49,76,60,72,75,51,26,17,31,18,17,15,36,78,118,112,100,74,70,71,68,32,22,37,55,49,67,80,89,68,32,44,19,32,69,77,70,46,29,27,33,51,50,39,32,9,30,15,45,38,35,34,44,31,33,48,50,32,46,58,47,44,9,10,26,32,49,64,73,50,8,65,59,25,20,37,54,46,55,70,71,20,34,30,25,57,54,53,34,18,32,59,75,56,55,39,14,26,28,30,25,23,6,34,64,29,37,44,37,15,33,59,46,33,47,72,84,75,93,77,82,59,63,73,53,44,59,44,27,52,62,62,54,61,57,25,37,7,50,55,29,10,37,52,48,45,20,33,56,67,60,23,9,9,48,82,72,75,37,17,28,19,42,22,16,25,57,52,62,76,81,82,48,38,36,17,22,35,63,53,50,31,22,36,28,47,82,87,57,62,45,58,44,16,29,35,49,20,29,17,19,17,19
113,146,116,114,98,60,52,79,98,78,31,35,76,96,23,20,16,46,104,94,86,98,88,41,7,78,92,86,66,26,19,35,43,89,38,18,34,111,103,59,58,141,157,128,141,168,127,80,51,9,40,51,10,26,62,61,90,108,47,31,48,79,127,135,69,69,25,20,66,87,84,91,75,73,52,33,38,16,42,23,14,40,17,10,34,36,32,93,88,104,80,82,94,50,54,74,26,52,77,39,65,102,59,89,78,82,133,129,72,97,12,104,138,164,134,50,19,73,28,19,34,9,66,89,69,15,9,18,5,75,57,32,3,48,34,95,94,65,55,93,81,69,108,58,66,79,127,146,46,29,72,49,33,109,83,50,78,105,88,133,91,31,41,44,29,43,73,62,91,42,50,69,60,86,74,35,19,26,41,71,59,53,31,25,23,64,113,64,58,54,93,108,106,76,57,95,149,207,117,76,87,58,55,84,56,64,43,57,97,115,33,70,46,66,123,132,100,111,73,9,26,16,71,105,84,106,70,27,39,71,92,78,72,49,26,61,55,42,48,65,143,188,124,55,43,9,63,129,85,99,56,34,70,67,70,67
93,83,49,34,0,40,61,95,106,81,94,91,53,57,9,20,55,69,45,46,31,60,112,144,118,98,66,50,58,66,62,50,45,37,38,11,43,81,86,74,62,46,34,24,56,76,80,87,67,44,45,61,63,47,59,46,39,41,63,79,96,112,105,29,15,23,56,87,99,88,80,63,76,107,133,134,136,88,72,55,38,31,58,59,22,9,8,48,74,114,123,126,87,40,9,41,77,117,93,86,89,79,84,90,66,78,56,36,36,83,119,129,108,89,32,37,48,65,74,67,59,72,70,60,90,111,116,121,91,85,75,61,56,75,76,64,59,20,58,66,101,101,106,95,58,3,68,89,91,59,81,92,68,78,96,80,37,4,19,67,82,111,125,82,71,19,17,61,78,46,73,91,43,34,59,90,113,145,102,76,90,45,18,54,80,62,32,28,60,70,87,139,141,114,82,76,71,74,63,76,89,96,75,93,111,98,68,65,39,35,33,62,86,100,94,60,32,53,38,15,17,50,40,51,55,31,48,85,120,123,104,42,19,41,79,64,53,21,30,32,65,78,92,80,80,90,75,18,12,19,55,70,65,66,65,66
130,68,58,117,61,60,104,90,97,97,94,10,46,31,49,64,42,49,42,45,95,68,42,77,66,47,52,61,59,28,10,30,46,27,7,18,25,69,52,24,58,87,102,61,64,65,80,122,113,69,84,85,45,28,39,45,23,88,105,62,85,93,58,14,45,64,93,49,27,14,11,34,41,44,77,101,46,15,63,58,30,11,40,71,54,12,2,31,76,58,35,49,95,65,52,71,50,12,79,100,97,117,138,72,11,50,44,28,68,71,52,63,90,56,26,16,19,81,84,38,17,16,45,63,53,67,73,51,46,83,27,15,9,22,83,54,10,11,6,42,74,88,75,82,99,55,36,37,22,85,109,109,124,114,82,38,68,67,39,64,73,35,53,85,54,36,8,1,51,67,48,5,11,26,40,9,42,114,83,65,73,43,26,5,32,70,86,41,12,25,36,72,96,75,115,99,35,39,45,16,60,98,117,96,118,85,57,55,63,60,73,74,37,31,87,68,45,15,19,63,52,66,51,48,66,49,17,21,72,70,36,51,72,55,19,9,46,59,34,18,15,34,66,109,71,68,86,52,50,66,31,46,95,113,95,113
122,113,106,54,99,186,165,115,95,27,93,102,134,184,153,52,114,150,82,119,156,175,152,123,114,88,30,31,31,47,33,53,126,118,21,102,37,103,139,82,90,176,168,128,125,86,81,92,144,191,195,154,49,82,156,168,172,174,104,28,66,93,85,99,72,79,183,68,132,152,68,46,95,138,115,57,60,74,83,79,93,183,173,88,212,177,46,100,92,73,116,167,138,154,170,100,30,81,109,110,97,125,182,172,107,50,123,149,106,44,44,53,7,120,175,227,144,72,152,67,89,137,125,134,120,105,125,127,81,40,86,76,68,155,162,34,52,51,84,95,152,162,110,125,114,72,133,170,69,71,148,184,170,170,134,62,89,130,100,98,85,56,77,158,118,83,58,118,29,41,92,150,94,31,48,104,127,107,134,137,101,122,168,165,81,21,109,101,92,215,155,35,83,150,153,144,127,117,73,73,85,109,145,167,132,158,141,56,56,153,118,61,79,104,60,39,87,134,115,53,150,108,82,194,208,139,67,87,94,59,17,43,83,52,37,131,177,80,108,101,60,177,167,123,87,120,99,85,102,137,116,61,129,227,129,227
44,48,71,47,25,21,44,40,52,55,27,17,20,30,40,7,52,91,71,25,42,78,77,103,89,62,63,66,71,46,38,103,85,26,93,95,36,44,102,73,24,46,58,40,67,100,100,58,11,7,10,41,68,86,57,3,43,65,65,57,89,51,36,82,96,62,17,35,9,46,66,74,74,54,59,116,134,107,81,93,106,131,88,26,23,14,46,61,42,32,60,54,57,54,41,63,77,39,36,25,36,65,98,86,89,73,55,38,26,48,44,35,16,64,52,40,48,88,69,46,92,73,53,55,78,115,94,36,26,62,92,85,40,66,113,98,68,47,2,5,25,64,68,18,32,43,53,66,51,44,44,63,66,37,66,84,60,31,25,15,58,92,99,82,65,69,84,52,39,6,20,72,94,73,54,30,26,16,68,108,102,64,70,103,106,69,7,37,38,64,66,43,29,53,93,90,40,29,35,16,35,32,46,70,65,64,66,29,29,31,38,51,41,25,30,37,90,126,65,33,93,117,114,86,14,57,79,70,63,27,15,71,108,107,61,7,44,58,56,72,61,40,50,45,41,11,38,46,15,71,85,61,31,68,31,68
143,86,64,62,82,21,77,98,109,182,188,125,85,75,93,69,44,42,57,50,77,67,59,57,37,38,31,18,36,16,10,59,126,81,74,82,83,63,45,45,37,36,46,83,123,131,136,130,102,122,129,85,46,62,67,34,31,78,95,147,163,177,104,26,30,22,37,85,19,54,54,117,138,88,119,130,77,106,118,84,51,54,93,48,19,8,11,25,47,75,91,143,152,78,46,34,41,51,59,37,55,79,114,152,99,50,37,79,73,79,58,22,49,96,63,22,37,93,97,80,60,21,42,14,29,72,120,123,139,169,94,55,35,23,55,34,50,66,98,163,206,185,109,103,74,8,31,10,48,137,159,154,150,183,182,112,63,94,22,44,41,65,132,146,122,116,88,65,68,117,72,17,69,48,86,98,65,49,37,50,45,37,60,66,39,60,71,70,56,117,134,118,76,41,9,7,60,77,85,101,150,173,188,173,96,68,62,33,33,11,35,123,162,148,177,153,76,34,27,71,50,29,20,41,66,120,109,82,110,52,72,91,61,54,41,23,53,77,56,51,25,28,72,91,95,60,51,50,100,141,99,63,86,54,86,54
36,13,41,44,14,33,34,30,53,8,35,68,22,34,37,32,7,23,27,24,38,30,11,70,45,31,7,40,29,41,33,23,18,22,7,30,32,45,38,2,42,46,14,25,35,15,37,16,53,31,14,31,16,52,44,44,11,38,46,22,21,29,32,48,34,12,33,21,64,54,64,38,42,5,50,29,43,36,67,10,46,11,35,69,65,12,26,73,71,30,8,64,28,59,24,43,10,2,50,82,95,65,31,13,66,83,33,27,82,64,35,69,25,21,36,52,44,68,86,74,30,58,41,17,34,81,69,22,62,36,29,80,45,54,65,111,43,46,52,22,47,21,44,46,44,72,62,55,51,47,7,45,51,18,16,91,97,68,62,14,26,30,52,62,46,82,107,33,34,23,23,32,35,35,51,70,32,19,45,34,65,66,64,78,44,42,26,28,45,17,25,51,107,72,43,75,61,9,21,16,42,36,34,35,42,10,30,52,26,56,33,53,82,93,39,17,29,41,18,41,15,33,24,27,19,39,35,42,27,43,47,28,35,33,35,28,10,53,10,25,24,26,48,29,41,17,5,12,15,9,16,7,12,22,12,22
60,28,21,103,84,98,50,52,63,59,19,38,77,90,163,135,37,12,113,134,95,17,46,41,37,80,106,135,64,51,47,114,116,88,17,57,73,83,74,91,84,18,34,38,54,34,29,3,35,56,48,31,16,51,44,85,62,56,36,24,7,61,118,135,169,136,79,6,60,104,119,37,48,65,65,44,85,47,60,46,82,78,35,23,40,116,123,130,74,43,51,42,35,39,43,60,71,50,11,30,71,55,38,30,46,53,43,40,24,47,39,65,39,71,95,59,16,19,81,88,72,42,70,97,137,108,43,37,15,68,104,154,92,15,81,168,160,151,115,68,14,26,76,72,89,87,68,34,42,36,54,10,41,13,32,63,16,38,33,39,57,83,78,66,11,50,67,102,155,126,93,13,86,137,105,80,55,10,36,76,114,144,112,59,43,106,107,68,28,24,31,46,47,84,58,58,54,19,27,36,40,33,56,46,22,41,32,63,63,87,60,48,22,35,15,24,92,129,142,107,79,33,45,102,91,17,43,105,50,77,105,71,75,70,90,106,54,52,23,87,133,114,77,69,63,32,24,47,19,44,48,19,28,78,28,78
215,223,91,47,101,127,154,143,101,167,92,78,84,34,20,95,191,104,106,83,80,93,47,85,107,88,26,78,71,177,124,97,96,31,72,148,128,131,198,219,136,95,98,95,73,121,186,201,105,91,109,212,225,62,86,96,124,196,209,93,99,98,160,99,41,93,70,186,161,49,86,79,156,122,59,115,119,43,87,47,167,214,62,126,59,105,150,127,60,123,230,135,83,26,67,75,137,85,110,68,123,215,131,161,119,5,87,134,188,154,105,44,59,69,118,91,116,148,146,179,71,54,61,72,91,104,103,150,102,84,124,40,154,109,115,110,129,172,198,150,88,141,93,16,43,132,100,130,120,69,23,128,247,204,69,53,65,125,123,185,171,170,79,92,63,96,101,208,248,76,128,88,96,84,69,122,141,50,15,38,61,137,147,134,161,63,162,99,147,165,162,115,34,103,65,62,91,130,123,108,44,173,128,231,303,142,40,79,102,97,90,71,104,48,121,124,91,122,205,227,142,76,71,165,205,58,87,156,71,68,60,42,145,197,77,95,93,189,129,199,171,105,120,73,82,131,140,85,113,137,186,90,125,225,125,225
131,63,71,91,65,48,69,79,80,138,81,41,57,59,65,49,44,57,91,127,157,136,106,57,97,139,174,172,88,70,85,127,125,56,22,29,26,65,77,81,81,77,42,29,58,55,103,130,133,156,135,95,43,36,75,56,35,28,72,87,47,58,37,46,53,22,73,95,60,32,62,121,125,80,58,111,167,213,183,130,96,95,86,64,37,79,60,53,112,127,118,60,52,24,62,61,38,76,104,116,113,88,74,32,67,98,67,48,90,100,105,87,74,76,84,79,53,36,54,30,72,105,127,83,52,92,165,196,197,153,105,100,88,93,111,76,57,40,58,107,107,41,27,53,46,43,14,49,119,153,137,113,85,17,40,57,80,85,42,24,49,33,12,43,56,39,19,20,39,34,29,67,92,86,51,46,110,154,192,212,181,116,89,81,80,55,46,19,30,60,80,104,69,39,61,63,23,61,95,82,94,96,70,55,27,30,91,118,85,69,20,63,55,47,85,91,97,85,40,18,35,36,42,63,86,77,101,166,203,216,170,96,51,85,134,110,59,23,25,20,20,82,123,58,32,54,45,3,8,31,85,97,80,46,80,46
31,42,34,88,61,36,64,106,93,34,38,63,26,9,55,73,56,87,52,23,11,43,49,48,39,43,77,44,10,14,37,34,42,64,52,95,61,88,113,53,45,21,33,41,20,5,47,54,40,38,27,12,37,23,27,15,55,126,94,74,67,6,18,40,49,80,89,76,48,29,16,16,28,24,24,78,62,40,46,50,16,22,33,43,119,107,67,57,40,16,35,60,99,42,75,48,8,40,67,52,35,51,49,11,20,19,22,30,41,35,68,55,77,55,67,80,87,87,24,73,38,34,40,60,59,50,53,55,73,68,33,23,16,34,45,70,35,39,17,22,70,69,89,70,71,91,11,37,39,32,47,26,20,73,54,42,67,17,48,71,73,70,102,119,83,54,56,4,50,37,62,34,48,43,52,53,32,10,26,37,28,33,23,57,126,58,30,49,37,30,83,99,70,104,44,35,35,21,53,35,50,36,61,55,15,31,43,30,46,43,58,99,110,49,29,31,51,27,79,132,81,66,30,75,47,22,45,78,86,43,19,68,15,12,19,60,76,58,84,67,58,64,43,41,63,59,49,47,17,8,11,61,64,37,64,37
72,60,110,82,34,20,56,34,21,43,24,22,60,70,39,85,73,46,32,50,35,85,87,64,60,91,83,51,39,35,17,59,71,79,84,79,52,24,32,8,21,29,31,51,60,72,66,98,105,85,74,72,69,55,64,44,16,25,25,4,7,3,26,34,44,73,106,66,43,69,49,66,62,24,64,54,59,44,61,34,39,59,22,56,72,80,53,34,30,7,1,11,51,89,66,72,39,68,64,68,52,27,51,74,39,32,57,46,35,36,13,44,47,43,35,45,88,62,60,38,57,57,63,70,60,58,46,37,40,24,11,14,49,44,60,76,75,79,53,35,7,17,20,10,30,40,50,56,61,33,52,66,53,53,55,37,45,47,46,34,35,40,29,17,12,43,73,89,55,57,53,34,47,31,29,75,44,55,32,64,59,35,34,19,59,67,71,62,79,81,66,15,29,16,34,14,54,43,69,88,66,49,37,44,60,50,68,67,92,81,68,53,50,80,45,29,40,35,94,100,31,91,92,61,19,41,46,64,62,62,51,38,45,35,47,62,78,82,123,83,76,60,55,26,34,24,49,60,66,60,56,100,66,39,66,39
23,15,45,84,21,61,11,59,74,56,25,15,7,34,66,63,44,62,113,85,69,71,43,61,22,40,67,87,124,99,56,43,39,30,26,43,65,28,50,102,82,30,48,21,45,42,45,29,93,114,67,46,45,100,70,39,33,13,27,18,10,25,63,63,97,128,102,69,16,39,41,17,64,115,63,38,98,106,51,7,26,24,52,80,131,137,73,71,60,18,44,12,9,7,21,37,84,95,25,66,72,63,61,66,89,56,31,30,53,7,63,77,27,78,78,38,52,58,58,52,63,82,83,46,75,45,24,70,71,61,61,78,72,42,81,121,102,49,23,39,21,33,79,31,47,66,31,57,29,9,30,74,100,68,2,35,43,23,34,49,28,108,75,28,16,19,15,44,68,53,22,69,111,110,69,31,38,50,32,52,80,90,102,97,74,48,15,22,38,56,37,38,98,110,63,24,65,13,47,42,15,41,86,106,67,3,72,58,24,38,67,28,50,39,19,41,45,41,97,125,92,37,37,62,38,29,73,88,69,38,86,77,33,54,35,37,62,105,100,60,36,79,67,63,47,27,32,30,15,49,77,61,58,72,58,72
180,93,32,66,54,93,140,100,51,36,103,105,120,177,103,100,103,86,33,123,119,60,74,132,93,7,69,73,63,96,122,57,55,93,108,180,131,24,110,61,76,85,78,126,88,34,144,177,91,146,143,75,65,72,81,72,74,107,95,11,49,27,105,159,144,46,97,45,41,99,52,56,121,126,66,38,47,63,39,60,76,131,94,33,103,122,130,88,130,109,62,88,56,68,57,28,124,133,113,77,99,174,135,46,106,131,46,80,52,64,77,63,43,98,98,149,125,90,70,24,65,82,82,35,53,64,96,56,40,54,46,97,97,30,108,155,53,33,147,162,105,54,41,81,94,39,33,98,123,68,131,172,201,97,122,195,92,72,135,104,77,55,35,83,85,104,106,136,189,143,75,128,91,34,63,67,64,65,156,108,54,49,103,51,42,92,77,148,109,105,107,84,78,109,75,122,80,53,115,69,83,208,223,126,131,158,156,79,73,110,134,90,79,56,54,102,125,143,208,143,33,160,77,44,125,110,71,56,71,109,56,51,66,67,80,75,95,95,133,189,197,158,46,83,89,89,133,71,129,101,66,110,149,179,149,179
64,82,84,76,46,62,71,41,98,103,82,26,99,143,127,82,87,31,36,90,78,100,97,97,68,6,34,26,48,103,94,82,36,47,98,60,64,107,169,106,29,17,19,33,44,52,167,213,145,44,55,173,210,188,83,7,62,23,34,68,116,100,56,64,103,94,96,75,74,167,159,140,120,114,68,72,113,125,89,95,157,149,148,107,43,28,33,42,128,162,136,91,73,57,55,101,148,175,182,106,40,111,179,168,63,54,69,55,51,42,55,105,125,84,85,119,126,61,40,119,169,147,93,75,19,79,129,100,104,66,97,117,103,74,52,5,59,71,65,99,130,132,98,47,10,76,94,41,72,30,8,32,49,71,5,56,90,78,110,122,51,57,108,130,100,103,151,165,101,94,114,69,77,116,110,83,58,65,45,47,21,54,69,47,109,101,57,75,85,85,88,156,161,114,58,64,105,105,87,100,91,78,50,35,95,144,119,44,33,86,57,33,79,110,88,70,68,106,87,82,59,24,134,177,165,111,78,72,87,109,90,19,59,124,206,176,118,37,62,98,85,103,143,156,94,52,82,94,93,103,101,101,140,104,140,104
51,10,11,36,22,48,69,21,24,45,60,41,29,37,24,26,43,50,58,42,65,92,52,73,71,36,16,63,66,59,65,39,48,31,127,23,94,32,51,30,52,35,15,48,32,38,30,16,17,19,5,19,8,41,47,85,49,61,18,22,35,29,58,23,50,33,48,51,52,45,37,42,97,31,36,10,24,76,65,74,51,32,31,39,37,78,78,89,46,67,50,21,66,52,84,22,28,43,74,51,62,47,38,39,62,28,40,67,22,30,64,37,69,92,56,141,33,24,38,21,51,58,73,62,8,44,51,71,83,50,97,31,46,27,24,53,83,36,18,30,26,52,8,70,52,75,47,35,35,73,41,45,42,32,28,19,42,52,61,69,56,35,25,72,76,67,65,61,68,46,51,39,73,47,71,61,64,21,54,34,20,25,69,20,16,23,21,80,27,55,2,36,41,22,32,15,41,29,32,53,49,35,3,25,40,28,45,51,72,57,61,23,17,26,27,55,50,71,24,68,69,8,10,83,31,98,61,41,32,21,47,36,40,86,28,77,42,44,52,8,133,18,38,28,24,41,6,33,45,44,18,75,41,5,41,5
105,190,220,164,57,64,92,85,128,108,99,105,69,20,65,99,120,179,176,79,23,83,133,169,151,130,77,29,109,187,179,156,157,84,52,42,75,99,147,155,99,35,12,105,152,164,127,96,95,71,29,148,188,160,66,78,136,105,127,120,82,111,138,82,23,19,65,145,200,181,88,102,101,106,139,174,158,73,33,117,173,150,165,147,113,57,18,61,137,184,157,79,26,68,99,156,148,103,124,155,117,76,140,157,133,90,163,165,127,81,63,72,111,101,50,13,52,104,151,210,172,126,129,74,52,113,132,105,76,65,107,133,174,188,167,110,65,21,66,102,122,124,68,59,107,166,119,67,125,179,173,58,95,137,150,112,155,190,148,77,53,109,132,154,99,46,31,24,45,151,192,150,138,148,87,70,122,137,147,127,118,120,114,156,168,142,105,76,2,34,88,106,86,95,117,164,130,77,76,160,190,122,11,81,81,68,130,192,185,90,55,109,134,154,132,57,27,30,48,75,142,170,158,160,132,68,101,142,133,125,120,114,78,115,170,172,134,98,62,36,46,58,50,90,124,160,143,75,30,133,194,182,91,44,91,44
78,84,152,132,46,45,58,25,58,75,56,66,97,56,41,6,29,8,63,11,93,99,122,30,85,114,52,52,78,35,22,13,25,50,69,38,52,18,49,87,54,66,28,15,49,39,42,12,125,108,39,54,35,74,54,45,62,15,67,42,38,59,35,41,55,73,35,21,25,78,29,106,92,76,137,156,71,97,117,130,37,30,33,32,54,18,85,33,6,20,67,42,18,38,37,43,83,61,29,51,30,62,78,26,14,64,26,67,38,32,69,59,50,42,29,6,51,47,32,67,19,64,66,116,28,112,86,29,120,103,45,78,45,89,32,13,43,64,51,11,45,71,77,58,57,27,15,99,60,68,73,100,114,98,31,75,117,87,53,58,54,44,46,34,22,42,102,75,18,32,40,91,98,52,22,79,61,70,40,92,71,49,93,37,35,35,36,24,28,38,22,25,70,62,39,25,41,64,67,59,76,66,108,84,46,58,78,65,48,47,87,56,35,59,32,12,32,51,73,8,26,33,58,10,56,143,168,21,139,138,87,63,74,92,35,11,40,50,33,22,25,28,62,103,78,38,28,34,48,16,6,54,46,37,46,37
30,12,53,51,55,79,84,93,65,48,35,67,118,157,140,143,107,45,47,81,146,127,51,57,72,105,182,140,25,35,127,143,128,134,167,152,90,62,71,102,130,122,41,28,38,46,31,38,103,78,49,53,60,52,11,103,116,134,133,112,39,18,60,88,138,126,106,108,102,130,130,117,57,52,51,40,75,132,66,18,94,148,135,152,159,135,116,92,71,68,149,168,155,91,62,102,20,99,96,108,64,9,52,43,57,62,54,97,124,131,86,28,64,81,115,122,75,67,106,123,124,114,69,65,120,119,70,95,70,27,60,94,121,119,125,131,131,159,145,82,67,89,117,101,80,119,105,51,73,109,102,51,45,59,37,65,51,54,79,31,78,102,99,79,108,136,128,164,145,113,62,88,72,49,45,137,117,72,131,104,90,135,143,99,91,82,115,94,147,137,93,54,59,89,84,91,88,76,46,45,47,58,60,71,51,58,30,44,78,51,73,129,161,89,65,59,49,114,191,225,159,135,61,10,64,129,113,55,12,53,45,105,157,138,70,68,118,131,145,135,126,70,38,50,88,106,133,112,49,69,31,36,62,69,62,69
48,36,98,143,93,29,51,73,58,50,80,128,92,66,71,50,82,74,35,19,13,8,16,78,99,77,51,45,33,83,90,73,61,52,60,84,63,42,62,21,20,59,91,99,57,17,29,69,100,63,34,29,79,80,48,37,75,76,89,84,56,48,75,52,30,35,11,34,59,54,51,29,13,59,93,103,64,54,28,46,97,84,81,78,44,47,84,77,15,37,10,49,88,61,9,51,70,88,35,46,83,50,73,55,37,68,78,45,42,22,32,21,67,73,83,67,18,68,87,86,40,43,32,31,44,43,44,49,50,15,16,68,46,69,78,0,108,93,54,37,36,44,22,39,73,73,92,78,50,86,129,113,118,44,56,77,48,47,42,71,109,84,49,52,73,75,33,68,52,13,26,49,86,56,44,21,38,73,112,62,62,68,92,136,120,85,21,54,23,7,28,74,39,15,69,101,105,73,16,75,86,84,72,66,110,135,95,57,36,89,115,67,45,48,71,80,47,14,37,21,50,67,102,94,59,58,34,69,64,72,40,4,52,49,81,40,7,14,38,33,13,41,43,12,25,14,55,44,41,28,12,30,53,81,53,81
36,68,62,107,93,25,89,77,27,65,59,56,48,23,44,51,51,14,36,7,24,35,37,47,17,16,27,28,22,30,27,26,38,36,12,37,69,43,49,48,42,70,48,16,41,75,16,30,30,12,24,30,2,37,12,52,64,65,73,30,10,10,24,30,19,16,13,29,37,33,56,32,20,26,51,27,16,40,15,24,8,44,8,29,48,14,22,29,22,52,4,24,41,23,75,18,26,13,24,8,13,55,50,28,48,51,26,33,42,24,24,47,34,61,53,30,85,48,37,18,10,9,34,15,42,75,23,42,13,49,41,29,67,34,23,19,26,46,46,34,54,39,63,37,61,38,18,31,32,88,48,52,30,32,8,52,16,62,60,66,50,15,7,19,46,29,65,37,45,38,44,6,37,41,18,59,31,34,28,20,32,68,7,52,54,51,67,10,93,36,33,7,50,68,19,63,60,44,33,28,47,15,11,24,8,49,37,32,81,53,81,30,45,57,15,68,39,20,14,40,16,17,15,24,41,34,37,34,15,27,21,58,58,7,53,50,16,45,27,30,30,37,7,8,19,20,18,6,61,60,36,79,55,34,55,34
40,25,46,36,57,44,47,63,78,50,92,58,49,101,140,153,133,81,72,63,41,52,18,107,123,131,99,51,115,127,119,133,153,117,82,107,131,101,75,71,100,61,33,21,73,35,34,70,132,195,109,49,52,81,92,70,43,32,18,33,67,104,91,12,53,79,71,43,34,47,46,28,49,55,152,168,134,80,37,108,95,93,79,110,86,82,96,95,103,140,125,51,15,7,50,75,64,76,116,192,160,97,149,128,89,112,67,37,17,28,40,100,95,63,53,44,42,25,65,71,20,27,52,42,74,141,157,163,96,66,87,30,23,85,74,40,45,73,64,85,120,127,61,9,9,28,74,109,106,137,161,124,168,197,131,73,55,85,64,21,14,78,132,164,131,95,96,85,95,114,81,75,100,100,20,111,167,142,127,81,26,32,15,47,61,49,47,77,44,22,66,92,85,25,32,58,67,66,85,52,68,78,108,164,178,100,44,59,64,23,33,63,81,125,106,86,102,97,86,109,147,152,130,135,109,55,122,109,92,93,21,58,37,66,81,115,142,166,128,94,92,50,62,41,31,46,42,65,61,55,60,33,51,140,51,140
44,55,119,123,58,114,52,102,70,57,132,38,20,41,22,80,112,83,46,93,77,123,74,71,45,89,24,66,26,44,66,117,25,70,50,134,77,133,66,104,97,73,68,117,24,68,14,94,79,88,33,79,96,58,21,57,47,38,19,46,58,53,37,47,78,63,70,140,100,65,56,21,86,41,78,46,17,63,65,42,72,79,130,76,93,32,72,66,41,40,85,82,49,45,92,28,40,27,89,58,28,76,84,33,70,56,106,95,37,60,66,119,121,26,129,38,59,31,123,101,74,25,83,35,68,40,49,82,113,17,68,52,55,102,102,52,27,18,17,65,37,79,65,14,65,37,67,100,89,55,88,99,63,37,69,87,83,57,35,22,116,81,83,122,54,107,5,40,31,42,47,45,44,45,71,81,58,90,111,52,87,82,31,25,55,70,39,50,84,98,94,81,130,114,102,99,65,52,72,98,67,68,86,63,49,100,97,91,74,55,54,57,25,68,118,10,37,69,36,28,143,153,66,61,41,53,38,136,29,23,39,69,51,47,53,102,100,133,10,63,97,107,29,76,78,111,82,92,63,76,12,59,57,90,57,90
33,66,105,112,44,13,33,53,36,37,8,29,23,23,45,29,34,65,84,90,81,71,23,18,22,31,10,38,21,34,77,54,8,51,92,25,30,44,98,5,40,13,31,61,62,35,45,18,44,13,39,70,83,44,73,40,43,42,47,18,56,16,39,24,36,34,29,63,27,9,45,35,9,31,20,40,4,32,30,16,33,63,15,68,75,43,42,49,21,32,41,13,34,31,27,55,66,78,53,47,30,76,64,91,86,77,19,39,47,70,59,67,93,76,49,7,48,47,28,50,81,38,23,19,27,16,58,5,39,36,61,45,46,57,83,36,47,31,15,56,12,48,22,17,33,52,46,70,77,74,90,11,41,105,84,63,64,35,74,81,57,48,13,26,14,19,55,59,36,36,67,60,7,34,32,27,24,47,21,58,18,23,2,38,28,28,63,37,50,19,50,39,36,25,28,53,27,14,42,39,61,82,44,25,16,95,117,98,56,39,47,61,51,43,45,25,43,29,40,67,99,63,23,27,30,60,30,37,22,54,88,70,84,14,58,69,79,48,41,25,51,81,21,25,29,23,57,41,69,55,38,82,52,69,52,69
69,71,71,32,116,61,88,9,42,45,70,21,118,109,63,21,43,109,53,57,8,31,26,19,53,39,24,54,64,60,55,73,59,42,82,90,45,86,51,23,78,32,89,44,53,61,48,97,38,136,97,27,74,41,42,37,113,111,105,53,44,34,46,23,71,64,10,43,39,33,61,11,46,33,5,38,55,13,9,127,22,108,47,64,43,42,49,45,69,69,96,107,113,121,72,76,24,76,43,22,124,68,73,29,78,10,41,91,61,46,51,53,21,15,41,50,70,57,65,49,35,77,25,48,90,61,87,89,42,7,58,58,16,74,38,81,77,142,83,51,80,30,49,22,98,107,43,91,49,109,17,40,113,41,71,35,48,70,23,92,62,40,28,53,44,29,57,67,44,37,148,91,112,71,23,75,64,21,28,39,24,54,77,84,103,105,48,35,110,61,55,69,18,83,31,39,64,75,76,102,41,55,33,55,49,41,71,34,89,61,77,90,5,8,33,54,41,68,48,27,86,34,94,39,8,81,59,61,101,100,73,82,85,37,77,33,107,68,45,6,40,22,47,71,43,59,97,54,46,43,58,102,47,81,47,81
68,57,32,56,105,74,57,113,97,66,85,51,81,113,76,57,32,34,18,51,58,16,72,49,68,56,52,71,44,50,31,21,49,57,52,49,52,16,40,79,85,109,85,55,15,83,112,94,92,14,41,57,41,52,28,8,13,78,99,80,91,61,68,91,64,94,69,37,29,27,55,39,40,41,49,15,74,40,34,47,49,71,11,56,75,91,86,56,71,75,96,108,60,54,26,48,72,69,75,41,35,54,67,108,85,72,35,92,121,114,118,52,68,59,45,73,64,42,12,55,62,62,82,29,68,73,71,69,35,48,25,40,16,16,39,66,96,68,75,69,74,88,75,87,107,64,62,4,44,59,82,33,33,68,101,87,20,32,45,89,77,62,95,76,21,69,76,79,82,46,32,25,52,32,8,40,30,52,40,22,26,41,50,34,40,25,45,74,79,45,46,33,56,108,114,78,89,45,49,79,99,96,24,18,33,72,34,10,25,68,69,62,114,96,63,80,69,96,99,82,63,13,39,40,46,35,51,59,45,66,60,71,69,78,54,44,43,46,85,65,82,72,43,81,85,102,124,59,42,34,112,101,75,57,75,57
167,63,58,58,56,136,180,124,100,126,67,91,94,182,213,242,234,92,52,47,70,112,35,141,160,80,105,52,173,125,78,121,71,52,58,9,64,143,114,79,138,97,84,45,62,113,76,72,82,40,70,68,106,120,58,46,123,138,121,28,118,175,172,205,188,90,84,102,76,227,174,33,142,95,176,147,19,21,95,177,201,200,192,113,43,109,95,33,96,177,199,62,64,50,83,160,135,79,164,169,59,61,124,146,103,56,78,61,102,70,97,101,44,110,150,189,211,107,33,166,224,140,83,82,76,149,106,92,103,43,82,151,80,7,100,193,201,99,52,75,113,100,141,23,72,81,108,153,115,67,24,36,53,47,148,154,100,86,83,64,24,69,149,164,186,255,291,133,20,63,215,287,147,61,148,39,78,11,123,171,98,149,216,115,45,109,106,127,86,39,94,97,146,54,91,140,148,165,143,58,35,61,58,54,54,95,94,46,63,101,92,94,126,102,82,66,133,120,109,60,124,212,232,71,110,82,140,212,154,108,88,40,79,129,64,237,262,231,189,78,168,93,40,32,99,22,71,85,73,127,146,151,120,23,120,23
51,99,52,16,55,53,35,8,86,87,18,15,24,33,11,15,76,139,110,71,47,14,33,22,61,43,16,10,51,75,71,27,18,37,16,44,51,55,64,61,25,17,16,9,18,73,94,79,30,31,43,40,52,86,72,7,42,56,73,59,25,34,30,42,14,54,87,103,80,53,87,49,15,41,37,47,26,51,40,42,61,34,51,62,37,18,44,33,10,29,26,66,86,50,65,26,97,64,28,84,27,23,2,49,77,43,25,13,62,24,2,29,56,48,24,5,53,51,39,21,22,57,16,38,18,69,50,19,40,34,54,53,95,92,59,1,52,4,9,51,18,24,57,42,13,6,71,101,69,69,77,39,20,56,129,110,36,49,54,15,39,85,82,53,38,33,18,39,67,25,60,100,116,47,30,36,45,14,41,38,32,32,38,59,29,8,8,26,11,22,20,47,61,79,64,9,11,47,21,79,89,67,11,29,62,59,61,83,62,35,35,50,79,69,15,24,38,18,28,44,96,116,82,78,68,28,17,19,62,77,28,14,49,88,89,15,55,74,38,52,46,60,58,60,43,65,52,44,17,55,106,78,49,32,49,32
64,72,48,89,64,82,83,78,100,64,56,37,91,120,88,128,186,143,158,141,104,73,102,68,52,77,69,121,149,156,158,166,131,127,126,72,24,32,100,75,35,94,84,57,48,42,64,65,88,91,63,36,56,91,92,69,126,116,94,52,32,53,25,49,73,112,145,188,201,223,138,115,107,68,17,27,62,73,116,128,161,219,203,147,125,105,45,13,25,71,42,38,85,92,82,54,36,71,70,70,72,56,30,32,79,64,54,84,73,90,56,13,37,5,62,95,137,115,137,173,215,152,155,114,54,19,46,61,82,124,122,145,198,199,171,140,96,61,51,31,75,53,78,40,73,103,90,72,115,78,36,27,43,47,29,83,71,64,71,85,101,53,61,70,34,19,38,105,124,183,197,177,137,155,127,102,70,40,24,59,116,139,156,168,182,180,136,84,63,50,20,43,68,92,68,104,93,66,77,65,32,57,56,23,25,51,77,58,66,95,80,70,43,84,90,54,27,65,136,117,147,196,199,169,181,146,104,76,60,58,80,94,102,162,206,199,186,137,79,78,68,28,12,52,78,74,104,69,34,42,57,61,53,41,53,41
44,91,98,57,66,18,25,24,54,140,72,54,40,150,126,5,93,2,83,76,69,56,25,32,43,41,70,114,38,95,100,44,132,40,102,99,27,30,53,51,61,75,47,41,57,95,146,86,29,36,93,114,100,55,67,84,49,11,17,26,65,35,40,74,18,87,83,68,107,36,102,168,27,73,28,77,96,53,96,117,44,50,55,116,123,54,102,103,35,69,36,44,62,35,50,58,21,44,91,136,92,36,83,147,121,35,46,72,98,53,7,33,56,40,104,189,86,70,36,101,123,23,153,140,14,32,17,13,86,74,41,146,86,37,43,108,130,14,123,59,76,94,42,5,27,14,43,108,88,64,103,107,124,70,29,93,61,32,55,56,59,34,59,14,76,45,89,148,47,32,22,62,112,70,82,93,10,63,66,6,90,76,127,132,61,80,61,65,149,53,47,53,43,22,42,25,45,34,76,118,84,38,32,93,83,87,55,100,102,43,35,23,20,36,59,75,84,100,25,86,8,69,36,113,203,91,77,28,72,52,51,18,108,80,49,116,79,89,89,80,147,42,59,33,45,20,89,137,102,52,27,85,140,67,140,67
74,102,73,21,52,32,46,83,70,103,120,72,88,92,77,64,14,45,64,60,61,70,109,61,78,73,105,97,69,43,28,25,43,56,59,62,92,96,89,78,36,42,48,24,45,82,115,91,67,82,83,76,106,99,50,23,38,45,34,58,68,48,94,110,85,69,20,32,29,18,30,58,67,79,41,50,84,62,66,40,13,15,20,41,44,63,98,116,129,86,71,80,49,45,10,59,85,65,76,90,118,111,93,74,95,82,11,45,24,27,42,61,127,108,100,88,66,55,34,12,33,53,67,76,83,82,68,83,109,75,47,37,27,23,20,70,65,47,93,107,112,117,42,8,24,41,34,61,120,104,87,123,127,83,54,92,91,54,30,45,49,65,58,70,104,112,64,52,61,50,24,28,37,73,39,63,95,103,92,73,88,62,30,34,32,35,52,51,89,100,90,70,49,47,33,41,47,47,70,111,104,79,80,82,101,84,98,85,38,73,19,23,43,64,73,81,82,79,71,43,50,5,20,31,50,81,106,98,70,62,85,71,42,56,39,52,20,45,74,56,54,90,73,65,76,67,61,50,28,74,85,85,60,86,60,86
214,178,85,70,107,71,111,86,47,45,70,156,240,255,259,259,179,123,124,93,89,152,178,180,189,177,136,86,73,64,52,137,205,206,223,205,161,29,80,27,75,105,78,97,88,67,106,126,160,218,213,217,183,77,76,121,97,116,86,43,54,98,113,190,233,243,242,177,88,91,100,68,115,185,173,160,95,66,48,36,21,81,152,143,143,181,160,110,42,108,43,97,147,91,96,79,66,24,36,112,143,177,180,158,59,90,90,80,141,91,67,105,113,92,126,173,267,201,124,122,92,102,63,89,134,112,74,85,68,43,87,40,67,128,27,56,56,67,49,81,106,66,118,121,145,195,107,38,61,60,72,86,113,171,141,77,124,110,161,184,120,144,145,93,71,58,102,171,150,110,106,53,58,76,61,119,135,57,22,130,126,136,89,75,66,56,91,36,24,57,103,89,67,135,141,149,184,142,55,85,103,28,45,62,124,124,121,124,86,145,196,143,169,206,101,32,71,72,134,109,103,125,70,87,91,86,128,121,50,63,122,116,103,85,45,30,92,133,106,62,85,77,67,72,172,165,142,233,187,54,118,142,71,36,71,36
10,49,41,48,67,95,145,90,100,71,95,55,48,39,95,125,112,76,5,15,22,18,22,20,29,50,63,56,38,70,99,91,103,69,40,40,31,11,24,9,71,55,45,70,90,82,59,34,29,82,50,51,44,71,63,97,131,99,103,126,91,99,73,21,50,57,41,26,40,27,26,25,54,56,27,53,63,72,49,53,41,20,29,41,27,14,22,38,47,83,116,107,116,110,119,114,100,76,38,45,54,35,7,38,52,61,69,70,13,10,25,76,64,15,34,19,64,108,93,103,52,40,37,56,36,25,9,25,37,42,33,2,59,97,115,93,87,43,23,50,77,109,110,109,96,116,71,30,48,43,39,102,84,58,51,12,28,19,58,87,72,52,29,66,65,15,67,109,132,127,88,54,49,29,46,23,35,40,42,51,24,14,22,47,85,89,117,96,39,21,30,69,6,68,52,23,40,59,73,81,14,41,81,98,84,57,24,8,46,117,124,109,113,122,104,80,39,22,28,69,83,78,72,49,35,64,63,28,37,46,9,19,65,45,31,32,40,49,21,15,22,50,69,103,103,72,66,92,123,130,73,15,29,21,29,21
72,105,143,143,117,99,83,127,185,90,22,48,51,52,89,181,115,126,115,154,89,59,36,29,40,18,94,131,136,142,152,117,129,118,60,34,26,56,79,27,68,23,38,30,29,62,103,100,159,151,92,87,122,94,95,79,55,26,20,52,107,77,55,63,65,104,95,118,174,173,150,85,61,32,72,34,74,63,103,128,133,146,133,153,92,86,11,50,19,78,164,99,68,124,80,92,100,110,109,44,40,65,53,67,123,106,78,29,52,112,197,100,64,61,63,9,83,151,146,133,110,117,102,120,81,9,10,42,35,70,91,119,93,97,111,155,83,9,27,44,89,58,116,36,27,40,66,65,80,70,89,94,48,88,139,127,104,69,32,63,48,109,123,34,13,46,59,121,106,157,159,171,148,104,55,55,42,35,60,62,104,136,150,152,145,120,120,97,14,58,47,71,92,52,57,87,50,56,72,88,124,92,57,91,53,49,109,93,79,50,35,63,131,51,76,76,35,69,86,87,114,124,176,175,161,158,122,62,80,37,37,25,50,83,79,132,156,211,98,76,36,9,77,67,172,111,70,61,43,57,112,129,111,50,111,50
132,97,203,202,129,79,104,128,50,89,139,153,33,50,59,140,56,74,40,72,161,162,92,102,85,157,201,63,73,74,137,181,64,96,60,71,26,77,54,36,22,48,115,71,75,58,42,166,251,178,157,171,192,134,86,55,101,57,72,90,58,15,12,111,100,9,114,160,61,170,129,68,104,75,145,87,55,111,82,161,126,82,92,112,45,109,128,50,40,91,105,80,60,191,114,32,69,149,208,113,186,167,104,75,89,116,79,113,89,101,83,70,80,35,107,101,83,62,116,157,103,74,71,89,179,133,90,109,74,185,109,87,80,30,90,91,95,99,68,114,59,68,110,77,24,95,170,136,103,57,123,136,172,211,138,191,177,173,170,72,109,90,95,118,100,114,70,55,98,58,84,63,133,174,190,22,64,73,78,147,82,50,100,89,171,119,52,61,30,113,129,55,88,61,26,66,83,178,151,117,139,234,196,192,149,164,140,83,65,43,41,101,134,112,89,46,60,28,105,116,156,19,93,99,71,146,118,98,92,62,185,151,119,57,10,89,111,63,94,62,108,81,45,98,95,120,173,78,47,53,117,192,147,91,147,91
84,45,42,90,61,58,63,18,9,29,31,90,80,38,92,107,88,74,45,45,68,54,41,25,44,92,101,46,56,49,31,43,55,66,58,81,84,16,41,75,69,35,51,100,54,47,95,133,94,83,150,143,123,93,49,65,106,27,49,80,77,81,63,75,37,88,56,52,47,38,26,34,22,21,12,61,43,27,59,73,47,45,63,73,97,56,27,45,35,68,45,18,17,68,53,85,102,75,65,80,83,102,96,96,77,81,69,91,17,46,16,42,76,76,82,58,87,61,52,68,60,57,51,57,57,64,61,76,57,16,31,18,22,57,80,76,62,8,56,58,55,66,80,83,9,58,48,63,62,100,156,156,129,162,102,54,68,46,41,54,10,24,68,56,50,83,64,29,51,63,21,9,32,36,60,59,58,73,71,32,8,18,29,57,52,81,126,131,58,74,38,59,68,34,87,72,102,107,86,39,69,87,108,87,123,126,76,57,27,63,79,49,36,22,54,71,55,27,74,88,61,72,111,62,44,19,48,55,72,49,43,50,35,81,42,61,89,70,12,5,78,102,73,45,35,29,12,94,88,38,37,75,97,109,97,109
53,14,83,19,76,12,116,133,68,37,135,53,133,139,95,35,84,146,35,145,32,125,117,15,75,86,102,127,39,117,5,71,57,38,70,185,171,100,75,31,40,79,88,128,72,89,99,27,170,183,46,46,50,54,151,116,88,27,138,94,114,53,132,105,95,100,84,25,122,137,41,106,55,119,90,55,113,76,126,110,98,156,30,89,108,135,112,118,122,57,78,111,84,106,44,111,57,56,87,96,100,179,76,104,107,35,127,79,115,53,91,93,129,109,158,91,79,101,129,124,55,109,92,176,73,74,92,102,126,82,84,65,74,80,51,49,79,132,141,120,74,44,48,31,68,115,6,123,7,149,236,169,44,49,67,127,172,112,95,48,202,108,52,25,52,121,133,83,32,8,89,72,112,72,83,91,52,108,119,38,121,78,138,141,125,106,74,76,64,170,178,98,6,30,121,123,23,64,134,123,63,106,121,111,133,170,80,83,125,65,122,42,130,69,44,131,166,155,114,75,58,17,101,117,161,113,110,115,83,88,110,93,148,47,38,57,82,87,134,166,111,91,66,63,24,38,113,46,67,56,99,174,188,68,188,68
40,71,22,56,62,59,45,51,105,58,65,91,22,30,44,90,43,41,141,160,118,85,67,20,84,113,101,118,68,45,75,118,139,90,64,29,22,32,58,65,63,22,34,27,20,24,35,27,61,43,25,26,53,47,33,46,98,70,20,51,25,49,40,23,27,30,51,116,152,172,89,38,89,82,103,56,38,58,12,110,167,124,68,19,24,59,91,49,69,37,35,48,52,72,47,34,51,64,54,23,36,87,43,20,68,59,32,17,17,62,56,57,22,38,40,62,86,96,110,78,25,115,142,95,66,67,20,63,99,124,168,88,34,69,73,73,57,37,41,29,39,67,51,69,32,40,46,8,43,29,33,69,41,58,82,71,19,30,5,36,80,59,12,68,81,64,76,83,41,8,78,104,124,67,40,17,59,133,108,40,93,86,70,131,141,110,61,32,15,34,42,79,43,31,73,55,48,51,48,30,59,87,72,3,63,45,28,17,35,27,20,41,31,78,112,48,13,11,9,30,60,108,126,52,99,145,93,85,81,33,44,80,109,145,101,68,4,75,100,81,54,8,31,33,64,70,89,65,30,54,58,48,50,32,50,32
8,54,72,110,35,53,24,20,24,47,63,48,59,58,52,24,36,33,20,38,56,47,34,23,21,28,21,39,81,45,63,65,65,44,44,29,33,90,80,61,32,27,41,43,38,44,33,64,73,26,38,45,7,75,59,19,24,7,26,53,84,51,36,37,21,67,96,40,37,56,79,38,15,28,30,11,31,30,20,38,63,59,11,32,70,77,53,67,47,62,59,50,30,4,34,37,74,61,3,47,48,72,47,7,34,39,53,21,10,28,5,60,92,51,70,82,81,62,64,23,53,69,75,33,24,9,26,30,17,40,86,49,18,33,38,26,59,91,67,44,82,63,19,35,34,23,79,53,14,27,32,37,47,57,37,45,72,53,45,20,27,53,76,78,34,18,16,49,57,22,31,56,52,7,10,25,31,35,45,29,15,51,48,59,35,11,75,81,31,19,29,64,83,80,34,14,46,66,54,46,42,45,40,21,51,23,27,15,26,10,36,45,29,52,76,56,55,49,51,71,61,45,78,81,70,43,19,16,19,34,17,9,36,67,64,34,28,42,63,100,89,42,106,97,39,11,9,13,46,54,40,10,19,50,19,50
80,133,166,144,108,123,153,133,60,35,85,61,38,13,11,56,96,49,57,43,43,93,109,124,130,37,14,23,38,81,72,88,54,24,30,67,65,63,108,128,77,87,163,155,115,82,141,77,74,140,82,71,59,106,156,158,145,111,125,131,101,66,18,50,29,43,52,67,63,137,92,92,76,69,37,63,130,117,62,58,63,27,57,50,9,17,37,22,27,54,86,108,127,139,148,178,180,107,135,107,110,54,63,114,65,81,112,151,118,117,131,73,56,68,48,59,45,44,16,18,32,16,15,12,32,50,36,39,87,41,36,45,24,22,19,45,51,53,107,96,38,30,81,130,106,102,119,127,155,73,69,30,32,96,124,170,160,165,140,166,170,82,81,106,46,29,9,29,12,36,55,47,64,95,98,104,115,121,86,69,72,113,122,62,84,27,32,16,70,47,63,93,143,96,52,128,129,134,130,153,115,54,102,44,31,67,77,167,143,168,128,103,100,99,66,64,118,100,51,39,76,91,98,65,61,37,30,56,73,90,99,62,43,8,62,80,53,16,31,53,52,24,51,57,104,152,140,132,132,158,117,129,150,79,150,79
29,26,24,23,37,70,38,28,27,54,22,19,45,62,62,42,21,41,44,41,4,47,29,71,74,46,32,13,22,20,40,11,25,28,65,44,25,32,28,26,6,5,40,54,32,32,50,20,45,21,33,5,35,23,40,27,29,38,19,29,57,56,16,31,42,21,17,28,37,37,36,29,36,40,55,49,27,34,33,8,37,34,34,38,40,7,47,34,40,67,43,11,19,27,32,50,39,48,34,30,6,16,66,48,20,53,77,54,40,8,30,5,31,15,28,44,34,14,39,37,50,40,14,23,47,51,60,65,26,50,49,24,50,12,21,69,74,44,12,17,36,34,24,19,43,76,46,18,12,28,23,43,27,35,35,22,31,46,40,82,72,44,23,34,33,16,40,25,23,5,46,55,27,3,40,95,42,64,73,44,3,10,36,54,37,9,20,28,40,34,53,51,34,32,9,24,78,54,23,33,50,40,19,12,54,58,28,48,50,43,34,36,13,37,33,15,10,48,54,20,17,24,35,4,17,32,75,64,43,45,29,18,32,7,27,20,44,47,41,42,5,17,45,52,26,32,37,77,69,15,10,58,49,19,49,19
55,59,62,35,33,104,147,108,40,164,121,62,181,104,34,73,127,63,50,10,154,74,79,19,86,78,34,88,74,99,36,161,143,167,80,57,169,139,101,206,173,70,128,92,39,40,116,41,60,43,29,79,124,11,80,69,113,38,180,214,55,142,114,84,138,159,68,105,50,60,48,12,46,56,75,46,55,116,86,1,29,93,79,116,61,95,120,53,147,128,68,123,189,72,61,108,48,93,60,64,42,47,52,29,48,80,13,109,145,86,116,219,135,88,183,80,88,130,68,32,66,45,107,29,27,48,68,64,39,95,109,100,73,94,152,174,106,51,131,97,82,157,136,87,181,50,6,90,100,83,72,61,30,103,81,46,83,51,52,68,163,164,68,178,114,34,181,157,73,72,55,99,78,21,32,89,74,73,38,117,7,79,71,66,70,113,46,187,147,26,152,152,23,139,164,49,63,122,29,118,63,87,90,22,37,58,89,105,70,76,129,43,118,212,98,139,134,41,114,162,71,2,21,89,114,49,4,92,32,54,17,97,41,24,83,26,87,104,98,79,109,38,109,214,125,121,186,101,29,107,38,34,91,27,91,27
96,125,89,44,113,167,148,86,117,153,159,120,122,143,142,130,85,92,59,45,40,36,69,101,75,49,62,74,71,73,78,96,102,77,85,68,29,57,42,109,240,248,158,40,42,27,42,84,88,71,83,106,101,59,88,106,83,145,205,206,130,91,70,43,62,74,117,125,111,80,65,91,78,37,17,40,54,34,39,68,84,95,110,128,132,108,89,93,99,175,205,144,87,94,135,130,54,93,134,122,101,106,69,47,74,79,39,109,221,225,132,89,120,74,76,123,131,106,87,66,60,65,83,84,42,78,97,82,57,55,83,69,53,42,59,109,105,90,49,75,119,90,112,198,224,159,60,36,24,7,35,113,130,109,116,110,91,131,132,78,101,161,182,136,86,93,121,126,130,120,116,93,52,23,12,24,56,34,18,18,51,77,95,100,102,108,117,104,93,67,83,86,116,179,192,133,67,121,92,45,133,151,130,99,85,70,23,56,70,51,167,233,227,116,26,23,43,82,81,81,73,55,70,105,108,109,93,60,62,64,40,26,18,37,42,65,77,111,153,124,82,22,160,202,157,120,130,157,149,115,96,64,54,103,54,103
46,15,36,9,72,81,72,54,80,83,108,44,23,70,67,86,106,71,74,36,36,59,62,67,75,81,78,49,66,65,60,88,102,116,90,21,37,78,49,65,5,66,72,108,102,104,69,21,28,34,23,24,35,83,84,107,101,76,35,34,57,115,59,10,85,108,118,92,68,66,51,66,83,111,77,72,42,41,15,46,26,41,61,77,65,74,45,40,85,92,97,60,50,62,86,84,89,32,27,35,36,47,31,5,62,73,80,65,59,11,66,77,98,45,20,37,40,117,136,86,56,40,21,12,40,55,75,68,69,49,26,31,35,80,93,97,95,24,30,110,105,97,25,24,67,109,103,110,56,23,53,39,71,35,11,39,50,86,85,67,41,45,71,100,40,26,55,83,102,124,99,85,61,57,67,83,70,53,49,31,9,34,32,48,79,65,79,71,31,25,86,105,121,98,39,48,80,73,69,29,45,63,52,73,51,23,7,31,78,46,54,17,76,102,137,82,83,23,60,85,99,102,90,54,38,21,42,55,51,61,62,36,45,44,45,95,100,118,102,28,2,76,61,114,90,24,22,94,105,98,57,33,7,42,7,42
